Company,Location,Level Name,Role,Years of Experience,Years at Company,Total Compensation,Compensation Breakdown
Alto Qi,"Florianopolis, SC, Brazil",l2,Distributed Systems (Back-End),2  yrs,2  yrs,"R$54,000",54K | N/A | N/A
GLOBO,"Rio de Janeiro, RJ, Brazil",L2,Distributed Systems (Back-End),8  yrs,1  yr,"R$126,900",112.8K | 14.1K | N/A
Itau,"Sao Paulo, SP, Brazil",Senior,Data,9  yrs,7  yrs,"R$167,000",132K | N/A | 35K
John Deere,"Sao Paulo, SP, Brazil",Grade 8,Data,8  yrs,2  yrs,"R$260,000",260K | N/A | N/A
Apple,"Sao Paulo, SP, Brazil",ICT4,Testing (SDET),15  yrs,5  yrs,"R$280,000",240K | 40K | N/A
Anonymous,"Manaus, AM, Brazil",N/A,N/A,2-4  yrs,2-4  yrs,"R$48,000",48K | N/A | N/A
Uber,"Sao Paulo, SP, Brazil",Software Engineer I,Distributed Systems (Back-End),3  yrs,0  yrs,"R$271,058",204K | 34.9K | 32.2K
Anonymous,"Rio de Janeiro, RJ, Brazil",N/A,N/A,2-4  yrs,2-4  yrs,"R$120,000",120K | N/A | N/A
Wind River Systems,"Sao Paulo, SP, Brazil",L3,Embedded Development,7  yrs,2  yrs,"R$334,134",334.1K | N/A | N/A
Philips,"Florianopolis, SC, Brazil",CG50,Full Stack,6  yrs,4  yrs,"R$90,000",90K | N/A | N/A
Anonymous,"Sao Paulo, SP, Brazil",N/A,N/A,5-10  yrs,5-10  yrs,"R$195,000",180K | N/A | 15K
Loadsmart,"Rio de Janeiro, RJ, Brazil",L3,Site Reliability (SRE),7  yrs,3  yrs,"R$300,000",300K | N/A | N/A
Nubank,"Sao Paulo, SP, Brazil",IC3,API Development (Back-End),3  yrs,1  yr,"R$72,000",72K | N/A | N/A
Santander Bank,"Sao Paulo, SP, Brazil",L4,Distributed Systems (Back-End),25  yrs,5  yrs,"R$240,000",240K | N/A | N/A
Santander Bank,"Sao Paulo, SP, Brazil",L3,Data,1  yr,1  yr,"R$109,000",84K | N/A | 25K
Wildlife Studios,"Sao Paulo, SP, Brazil",L2,Game Development,1  yr,1  yr,"R$60,000",60K | N/A | N/A
Caju,"Sao Paulo, SP, Brazil",L3,Web Development (Front-End),2  yrs,2  yrs,"R$100,000",100K | N/A | N/A
NearForm,"Sao Paulo, SP, Brazil",Senior,API Development (Back-End),8  yrs,2  yrs,"R$654,209",654.2K | N/A | N/A
Coinbase,"Sao Paulo, SP, Brazil",IC4,Distributed Systems (Back-End),7  yrs,0  yrs,"R$545,700",329.2K | 200K | 16.5K
Bradesco,"Recife, PE, Brazil",pl,Full Stack,5  yrs,1  yr,"R$137,813",127.2K | N/A | 10.6K
Méliuz,"Brasilia, DF, Brazil",L1,Full Stack,3  yrs,3  yrs,"R$60,000",60K | N/A | N/A
Clubbi,"Rio de Janeiro, RJ, Brazil",Senior,API Development (Back-End),10  yrs,4  yrs,"R$200,000",200K | N/A | N/A
Nubank,"Sao Paulo, SP, Brazil",IC6,API Development (Back-End),15  yrs,3  yrs,"R$435,825",300K | 117.8K | 18K
iFood,"Sao Paulo, SP, Brazil",N3,DevOps,9  yrs,2  yrs,"R$204,000",204K | N/A | N/A
Nubank,"Sao Paulo, SP, Brazil",IC5,Full Stack,4  yrs,3  yrs,"R$321,600",261.6K | 50K | 10K
DBC Company,"Porto Alegre, RS, Brazil",Senior,Distributed Systems (Back-End),8  yrs,6  yrs,"R$204,000",204K | N/A | N/A
Red Hat,"Sao Paulo, SP, Brazil",L2,Maintanence,7  yrs,3  yrs,"R$250,000",250K | N/A | N/A
Anonymous,"Sao Paulo, SP, Brazil",N/A,N/A,2-4  yrs,2-4  yrs,"R$97,500",97.5K | N/A | N/A
IBM,"Sao Paulo, SP, Brazil",Advisory Engineer,Full Stack,10  yrs,2  yrs,"R$300,000",260K | 40K | N/A
Anonymous,"Sao Paulo, SP, Brazil",N/A,N/A,2-4  yrs,2-4  yrs,"R$120,000",120K | N/A | N/A
Stefanini Group,"Sao Paulo, SP, Brazil",Tech Lead,Full Stack,8  yrs,0  yrs,"R$286,000",264K | N/A | 22K
Spassu,"Campo Grande, MS, Brazil",Pleno,API Development (Back-End),3  yrs,0  yrs,"R$113,000",113K | N/A | N/A
Frete.com,"Campo Grande, MS, Brazil",Pleno,API Development (Back-End),3  yrs,0  yrs,"R$70,000",70K | N/A | N/A
Nubank,"Sao Paulo, SP, Brazil",IC4,ML / AI,3  yrs,0  yrs,"R$198,150",162K | 20K | 16.2K
luizalabs,"Sao Paulo, SP, Brazil",N/A,N/A,5-10  yrs,5-10  yrs,"R$210,000",210K | N/A | N/A
Mercado Libre,"Sao Paulo, SP, Brazil",Software Engineer,Web Development (Front-End),5  yrs,2  yrs,"R$201,040",172.4K | N/A | 28.6K
Mercado Libre,"Sao Paulo, SP, Brazil",Senior Software Engineer,API Development (Back-End),9  yrs,2  yrs,"R$237,000",222K | N/A | 15K
Paytrack,"Florianopolis, SC, Brazil",L3,Full Stack,7  yrs,3  yrs,"R$97,200",97.2K | N/A | N/A
Caylent,"Sao Paulo, SP, Brazil",L3,DevOps,5-10  yrs,5-10  yrs,"R$396,670",396.7K | N/A | N/A
Caju,"Sao Paulo, SP, Brazil",-,API Development (Back-End),9  yrs,1  yr,"R$180,000",180K | N/A | N/A
Anonymous,"Sao Paulo, SP, Brazil",N/A,N/A,5-10  yrs,5-10  yrs,"R$396,670",396.7K | N/A | N/A
Collabora,"Sao Paulo, SP, Brazil",L4,DevOps,9  yrs,3  yrs,"R$332,800",332.8K | N/A | N/A
Banco do Brasil,"Brasilia, DF, Brazil",Jr,Distributed Systems (Back-End),5  yrs,1  yr,"R$132,400",92.4K | N/A | 40K
Nubank,"Rio de Janeiro, RJ, Brazil",IC5,N/A,14  yrs,2  yrs,"R$228,000",228K | N/A | N/A
Blue Coding,"Recife, PE, Brazil",-,API Development (Back-End),12  yrs,0  yrs,"R$375,995",376K | N/A | N/A
C6 Bank,"Sao Paulo, SP, Brazil",Senior Engineer,API Development (Back-End),10  yrs,3  yrs,"R$274,000",204K | N/A | 70K
Nubank,"Sao Paulo, SP, Brazil",IC4,API Development (Back-End),8  yrs,3  yrs,"R$153,600",153.6K | N/A | N/A
SAP,"Sao Leopoldo, RS, Brazil",T2,Full Stack,7  yrs,3  yrs,"R$186,240",156K | 6.2K | 24K
Grupo Boticário,"Sao Paulo, SP, Brazil",Senior,API Development (Back-End),7  yrs,4  yrs,"R$168,000",138K | N/A | 30K
Geekie,"Sao Paulo, SP, Brazil",N/A,N/A,2-4  yrs,2-4  yrs,"R$110,584",97.6K | N/A | 13K
Uokeep,"Rio de Janeiro, RJ, Brazil",L4,Full Stack,8  yrs,1  yr,"R$427,978",428K | N/A | N/A
iFood,"Osasco, SP, Brazil",N1,N/A,8  yrs,2  yrs,"R$260,000",210K | N/A | 50K
Konsist Serviços ...,"Brasilia, DF, Brazil",Entry Level,Full Stack,2  yrs,2  yrs,"R$73,850",69.8K | 4.1K | N/A
Anonymous,"Sao Paulo, SP, Brazil",N/A,N/A,5-10  yrs,5-10  yrs,"R$186,000",168K | N/A | 18K
Google,"Sao Paulo, SP, Brazil",L4,API Development (Back-End),10  yrs,1  yr,"R$423,200",241.2K | 150K | 32K
Deel,"Goiania, GO, Brazil",Senior Software Engineer,API Development (Back-End),10  yrs,1  yr,"R$91,200",78K | 12K | 1.2K
Ryss,"Recife, PE, Brazil",-,Distributed Systems (Back-End),2  yrs,0  yrs,"R$80,000",80K | N/A | N/A
Itau,"Sao Paulo, SP, Brazil",N/A,N/A,5-10  yrs,5-10  yrs,"R$66,000",16K | N/A | 50K
ArcTouch,"Florianopolis, SC, Brazil",L2,Full Stack,5  yrs,3  yrs,"R$186,228",186.2K | N/A | N/A
Microsoft,"Volta Redonda, RJ, Brazil",SDE,Distributed Systems (Back-End),1  yr,1  yr,"R$168,300",118.4K | 34K | 15.9K
PagBank PagSeguro,"Sao Paulo, SP, Brazil",Senior,Distributed Systems (Back-End),7  yrs,4  yrs,"R$142,000",132K | N/A | 10K
LeafLink,"Sao Paulo, SP, Brazil",L3,API Development (Back-End),13  yrs,1  yr,"R$400,000",400K | N/A | N/A
Cadence Design Sy...,"Belo Horizonte, MG, Brazil",T2,Distributed Systems (Back-End),2  yrs,2  yrs,"R$139,535",120.5K | 7K | 12K
Test,"Sao Paulo, SP, Brazil",L4,Full Stack,10  yrs,0  yrs,"R$125,000",100K | 25K | N/A
Capgemini,"Salvador, BA, Brazil",A4,Mobile (iOS + Android),5  yrs,3  yrs,"R$89,856",89.9K | N/A | N/A
Serasa Experian,"Sao Paulo, SP, Brazil",I,Data,2  yrs,2  yrs,"R$54,000",54K | N/A | N/A
SAP,"Sao Leopoldo, RS, Brazil",T2,Full Stack,6  yrs,4  yrs,"R$188,000",148K | 12K | 28K
BetaAcid,"Sao Paulo, SP, Brazil",Senior,Full Stack,13  yrs,1  yr,"R$421,754",421.8K | N/A | N/A
Anonymous,"Sao Paulo, SP, Brazil",N/A,N/A,2-4  yrs,2-4  yrs,"R$41,100",41.1K | N/A | N/A
Nubank,"Sao Paulo, SP, Brazil",IC7,Full Stack,20  yrs,2  yrs,"R$420,000",420K | N/A | N/A
Fundação para o D...,"Sao Paulo, SP, Brazil",B3,Web Development (Front-End),5  yrs,3  yrs,"R$139,608",134.8K | 4.8K | N/A
Cyral,"Sao Paulo, SP, Brazil",-,Web Development (Front-End),4  yrs,2  yrs,"R$42,000",42K | N/A | N/A
Mercado Libre,"Sao Paulo, SP, Brazil",technical  leader,-,11+  yrs,11+  yrs,"R$286,800",286.8K | N/A | N/A
IBM,"Campinas, SP, Brazil",Staff Engineer,Full Stack,5  yrs,3  yrs,"R$135,600",135.6K | N/A | N/A
Google,"Sao Paulo, SP, Brazil",L5,iOS,5  yrs,3  yrs,"R$390,000",350K | 40K | N/A
Anonymous,"Sao Paulo, SP, Brazil",N/A,N/A,5-10  yrs,5-10  yrs,"R$115,200",115.2K | N/A | N/A
Hapvida-NDI,"Fortaleza, CE, Brazil",Senior,Full Stack,10  yrs,3  yrs,"R$216,000",216K | N/A | N/A
Apostala,"Sao Paulo, SP, Brazil",Senior,API Development (Back-End),5  yrs,1  yr,"R$180,000",180K | N/A | N/A
Nelogica,"Porto Alegre, RS, Brazil",L1,DevOps,3  yrs,0  yrs,"R$58,655",58.7K | N/A | N/A
Teramind,"Manaus, AM, Brazil",L3,Distributed Systems (Back-End),7  yrs,2  yrs,"R$312,722",296.3K | N/A | 16.5K
PicPay,"Sao Paulo, SP, Brazil",L3,API Development (Back-End),7  yrs,3  yrs,"R$171,600",158.4K | N/A | 13.2K
BCG,"Sao Paulo, SP, Brazil",L1,Data,2  yrs,1  yr,"R$157,752",140.8K | N/A | 17K
FullStack Labs,"Sao Paulo, SP, Brazil",L2,Full Stack,6  yrs,2  yrs,"R$295,845",295.8K | N/A | N/A
Caju - Multibenef...,"Sao Paulo, SP, Brazil",L4,Distributed Systems (Back-End),3  yrs,0  yrs,"R$114,000",114K | N/A | N/A
Grupo OLX,"Sao Paulo, SP, Brazil",Staff,Full Stack,10  yrs,3  yrs,"R$192,000",192K | N/A | N/A
Stone,"Rio de Janeiro, RJ, Brazil",Senior,Distributed Systems (Back-End),7  yrs,5  yrs,"R$320,000",230K | 40K | 50K
Nubank,"Sao Paulo, SP, Brazil",IC5,Distributed Systems (Back-End),7  yrs,3  yrs,"R$301,872",260K | 21.9K | 20K
Senior Sistemas,"Curitiba, PR, Brazil",Senior,API Development (Back-End),6  yrs,6  yrs,"R$144,000",144K | N/A | N/A
inPowered,"Campo Grande, MS, Brazil",Staff,API Development (Back-End),15  yrs,1  yr,"R$500,000",500K | N/A | N/A
GLOBO,"Rio de Janeiro, RJ, Brazil",Senior Software Engineer,Networking,6  yrs,6  yrs,"R$143,000",132K | N/A | 11K
Anonymous,"Sao Paulo, SP, Brazil",-,N/A,7  yrs,1  yr,"R$642,584",642.6K | N/A | N/A
Anonymous,"Brasilia, DF, Brazil",-,N/A,20  yrs,15  yrs,"R$300,000",300K | N/A | N/A
Amazon,"Sao Paulo, SP, Brazil",SDE II,Full Stack,5  yrs,4  yrs,"R$340,000",240K | 100K | N/A
Superlógica Tecno...,"Campinas, SP, Brazil",Mid,Full Stack,2  yrs,2  yrs,"R$61,998",62K | N/A | N/A
Microsoft,"Sao Paulo, SP, Brazil",SDE,Data,4  yrs,0  yrs,"R$250,387",140K | 96.4K | 14K
Millenium Brasil,"Sao Paulo, SP, Brazil",L3,API Development (Back-End),8  yrs,1  yr,"R$163,200",163.2K | N/A | N/A
Amazon,"Sao Paulo, SP, Brazil",SDE II,Full Stack,3  yrs,0  yrs,"R$304,000",234K | 50K | 20K
CI&T,"Campinas, SP, Brazil",Junior,Full Stack,2  yrs,1  yr,"R$48,000",48K | N/A | N/A
Anonymous,"Joinville, SC, Brazil",N/A,N/A,5-10  yrs,5-10  yrs,"R$216,000",216K | N/A | N/A
Zippi,"Sao Paulo, SP, Brazil",L3,Full Stack,3  yrs,1  yr,"R$160,000",120K | 40K | N/A
RE Partners,"Sao Paulo, SP, Brazil",L3,Distributed Systems (Back-End),7  yrs,1  yr,"R$541,794",541.8K | N/A | N/A
WithClutch,"Fortaleza, CE, Brazil",Senior AI Engineer,ML / AI,5  yrs,1  yr,"R$440,483",440.5K | N/A | N/A
Geekie,"Sao Paulo, SP, Brazil",Senior,Full Stack,4  yrs,4  yrs,"R$194,200",161.2K | N/A | 33K
isaac,"Sao Paulo, SP, Brazil",Mid Level,Full Stack,5  yrs,3  yrs,"R$175,500",175.5K | N/A | N/A
CI&T,"Campinas, SP, Brazil",Senior,API Development (Back-End),11  yrs,9  yrs,"R$188,000",186K | N/A | 2K
Anonymous,"Sao Paulo, SP, Brazil",N/A,N/A,2-4  yrs,2-4  yrs,"R$288,480",233K | N/A | 55.5K
Anonymous,"Manaus, AM, Brazil",N/A,N/A,5-10  yrs,5-10  yrs,"R$111,600",99.6K | N/A | 12K
XP,"Sao Paulo, SP, Brazil",Software Engineer III,Distributed Systems (Back-End),4  yrs,2  yrs,"R$166,000",97K | N/A | 69K
Anonymous,"Salvador, BA, Brazil",N/A,N/A,2-4  yrs,2-4  yrs,"R$72,000",72K | N/A | N/A
Fretebras,"Sao Paulo, SP, Brazil",Junior Staff Engineer,Distributed Systems (Back-End),8  yrs,3  yrs,"R$203,000",188.5K | N/A | 14.5K
Anonymous,"Brasilia, DF, Brazil",N/A,N/A,11+  yrs,11+  yrs,"R$737,346",737.3K | N/A | N/A
Anonymous,"Uberlandia, MG, Brazil",N/A,N/A,2-4  yrs,2-4  yrs,"R$36,936",36.9K | N/A | N/A
Dotdash Meredith,"Belo Horizonte, MG, Brazil",Mid,DevOps,7  yrs,1  yr,"R$382,946",382.9K | N/A | N/A
Cloudbeds,"Sao Paulo, SP, Brazil",Senior,API Development (Back-End),20  yrs,1  yr,"R$325,000",300K | N/A | 25K
Mercado Libre,"Osasco, SP, Brazil",Software Engineer,Distributed Systems (Back-End),5  yrs,2  yrs,"R$204,000",190K | N/A | 14K
Senior Sistemas,"Joinville, SC, Brazil",-,Full Stack,1  yr,1  yr,"R$44,808",38.8K | N/A | 6K
Microsoft,"Campinas, SP, Brazil",SDE II,API Development (Back-End),6  yrs,2  yrs,"R$307,000",189K | 100K | 18K
Bry Tecnologia,"Florianopolis, SC, Brazil",Junior,General SWE,3  yrs,2  yrs,"R$69,600",69.6K | N/A | N/A
Claro,"Sao Paulo, SP, Brazil",Senior,API Development (Back-End),6  yrs,2  yrs,"R$100,800",100.8K | N/A | N/A
IBM,"Sao Paulo, SP, Brazil",Associate Engineer,Distributed Systems (Back-End),2  yrs,2  yrs,"R$48,000",48K | N/A | N/A
Bradesco,"Sao Paulo, SP, Brazil",-,Site Reliability (SRE),6  yrs,4  yrs,"R$122,400",122.4K | N/A | N/A
Escola DNC,"Sao Jose dos Campos, SP, Brazil",-,DevOps,12  yrs,3  yrs,"R$91,700",81.6K | N/A | 10.1K
Compass Uol,"Passo Fundo, RS, Brazil",Senior,Web Development (Front-End),6  yrs,6  yrs,"R$122,000",110.5K | N/A | 11.5K
Pixida,"Joinville, SC, Brazil",L3,DevOps,3  yrs,1  yr,"R$163,200",163.2K | N/A | N/A
Anonymous,"Brasilia, DF, Brazil",N/A,N/A,5-10  yrs,5-10  yrs,"R$174,720",174.7K | N/A | N/A
Itau,"Sao Paulo, SP, Brazil",N/A,N/A,2-4  yrs,2-4  yrs,"R$78,000",78K | N/A | N/A
Zup Innovation,"Sao Paulo, SP, Brazil",Senior,API Development (Back-End),3  yrs,3  yrs,"R$111,600",111.6K | N/A | N/A
PicPay,"Recife, PE, Brazil",Senior Site Reliability Engineer,Site Reliability (SRE),7  yrs,1  yr,"R$208,000",192K | N/A | 16K
IBM,"Sao Paulo, SP, Brazil",Senior Engineer,Security,15  yrs,15  yrs,"R$372,000",372K | N/A | N/A
Apicbase,"Rio de Janeiro, RJ, Brazil",Junior,Full Stack,3  yrs,3  yrs,"R$173,082",173.1K | N/A | N/A
Anonymous,"Belo Horizonte, MG, Brazil",N/A,N/A,0-1  yrs,0-1  yrs,"R$100,000",96K | N/A | 4K
Brex,"Sao Paulo, SP, Brazil",Senior Software Engineer,Distributed Systems (Back-End),14  yrs,1  yr,"R$720,001",720K | N/A | N/A
Itau,"Sao Paulo, SP, Brazil",L1,Data,2  yrs,1  yr,"R$116,000",+R$500
Anonymous,"Sao Paulo, SP, Brazil",N/A,N/A,5-10  yrs,5-10  yrs,"R$443,366",432.9K | 10.4K | N/A
Anonymous,"Sao Paulo, SP, Brazil",N/A,N/A,2-4  yrs,2-4  yrs,"R$180,000",180K | N/A | N/A
Trustly,"Rio de Janeiro, RJ, Brazil",P3,Full Stack,2  yrs,2  yrs,"R$84,504",72.5K | N/A | 12K
Mercado Libre,"Osasco, SP, Brazil",Senior Software Engineer,Full Stack,6  yrs,1  yr,"R$217,750",201K | N/A | 16.7K
Blue Orange Digital,"Sao Carlos, SP, Brazil",-,Distributed Systems (Back-End),7  yrs,1  yr,"R$608,818",608.8K | N/A | N/A
Ingram Micro,"Sao Paulo, SP, Brazil",Senior Software Engineer,Data,15  yrs,7  yrs,"R$102,000",102K | N/A | N/A
Mercado Libre,"Sao Paulo, SP, Brazil",Software Engineer,Full Stack,7  yrs,1  yr,"R$195,000",180K | 15K | N/A
Google,"Sao Paulo, SP, Brazil",L3,Full Stack,1  yr,0  yrs,"R$273,532",168K | 80.3K | 25.2K
Juros Baixos,"Sao Paulo, SP, Brazil",Junior,API Development (Back-End),3  yrs,3  yrs,"R$72,000",72K | N/A | N/A
Brex,"Sao Paulo, SP, Brazil",Senior Software Engineer,Distributed Systems (Back-End),5  yrs,1  yr,"R$780,000",780K | N/A | N/A
CI&T,"Campinas, SP, Brazil",Senior,Full Stack,6  yrs,1  yr,"R$120,000",120K | N/A | N/A
Amor saude,"Ribeirao Preto, SP, Brazil",Junior,Full Stack,1  yr,1  yr,"R$36,000",36K | N/A | N/A
Framework,"Belo Horizonte, MG, Brazil",Entry Level,Web Development (Front-End),3  yrs,3  yrs,"R$32,000",32K | N/A | N/A
Globant,"Sao Paulo, SP, Brazil",Senior 2,Android,5  yrs,2  yrs,"R$194,500",174K | 6K | 14.5K
Google,"Sao Paulo, SP, Brazil",L1,Android,1  yr,1  yr,"R$120,000",120K | N/A | N/A
Object Edge,"Porto Alegre, RS, Brazil",L3,Web Development (Front-End),5  yrs,3  yrs,"R$111,000",96K | N/A | 15K
Intive,"Sao Paulo, SP, Brazil",L5,API Development (Back-End),12  yrs,1  yr,"R$375,088",375.1K | N/A | N/A
Nubank,"Sao Paulo, SP, Brazil",IC5,Distributed Systems (Back-End),5  yrs,3  yrs,"R$377,972",271.6K | 88.2K | 18.1K
Itau,"Sao Paulo, SP, Brazil",N/A,N/A,11+  yrs,11+  yrs,"R$300,000",240K | N/A | 60K
GFT Group,"Curitiba, PR, Brazil",Senior Software Engineer,API Development (Back-End),7  yrs,5  yrs,"R$150,000",150K | N/A | N/A
Deel,"Porto Alegre, RS, Brazil",Senior Software Engineer,Distributed Systems (Back-End),10  yrs,2  yrs,"R$505,000",480K | 25K | N/A
Anonymous,"Santos, SP, Brazil",N/A,N/A,2-4  yrs,2-4  yrs,"R$60,000",60K | N/A | N/A
Quinto Andar,"Sao Paulo, SP, Brazil",L3,Full Stack,5-10  yrs,5-10  yrs,"R$228,000",198K | N/A | 30K
SICPA,"Rio de Janeiro, RJ, Brazil",L3,Full Stack,4  yrs,2  yrs,"R$132,000",132K | N/A | N/A
Anonymous,"Sao Paulo, SP, Brazil",N/A,N/A,5-10  yrs,5-10  yrs,"R$96,000",96K | N/A | N/A
Google,"Sao Paulo, SP, Brazil",L3,Android,7  yrs,0  yrs,"R$230,000",230K | N/A | N/A
Allied,"Sao Paulo, SP, Brazil",Senior,API Development (Back-End),5  yrs,2  yrs,"R$180,000",180K | N/A | N/A
MPT,"Brasilia, DF, Brazil",Senior,Data,18  yrs,10  yrs,"R$300,000",300K | N/A | N/A
Trakto,"Maceio, AL, Brazil",Senior,Distributed Systems (Back-End),15  yrs,8  yrs,"R$122,000",122K | N/A | N/A
Trakto,"Maceio, AL, Brazil",Senior,Distributed Systems (Back-End),15  yrs,8  yrs,"R$122,400",122.4K | N/A | N/A
Mercado Libre,"Sao Paulo, SP, Brazil",Senior Software Engineer,Distributed Systems (Back-End),8  yrs,2  yrs,"R$244,400",225.6K | N/A | 18.8K
Sermo,"Sao Paulo, SP, Brazil",Junior,Data,3  yrs,0  yrs,"R$228,000",228K | N/A | N/A
Anonymous,"Maceio, AL, Brazil",N/A,N/A,2-4  yrs,2-4  yrs,"R$51,840",51.8K | N/A | N/A
kea,"Brasilia, DF, Brazil",L2,-,8  yrs,4  yrs,"R$488,739",488.7K | N/A | N/A
Google,"Belo Horizonte, MG, Brazil",L3,Data,0  yrs,0  yrs,"R$243,405",160K | 83.4K | N/A
Orbee,"Sao Carlos, SP, Brazil",-,DevOps,5  yrs,3  yrs,"R$121,237",121.2K | N/A | N/A
DCC,"Belo Horizonte, MG, Brazil",-,Data,5  yrs,2  yrs,"R$9,360",9.4K | N/A | N/A
Mindera,"Sao Paulo, SP, Brazil",Senior,API Development (Back-End),20  yrs,2  yrs,"R$383,916",383.9K | N/A | N/A
Pagar.me,"Sao Paulo, SP, Brazil",L3,Distributed Systems (Back-End),6  yrs,3  yrs,"R$145,600",145.6K | N/A | N/A
Varsity Tutors,"Sao Paulo, SP, Brazil",L5,Production,8  yrs,1  yr,"R$500,377",500.4K | N/A | N/A
Buzzlabs,"Sao Paulo, SP, Brazil",-,Full Stack,5  yrs,1  yr,"R$156,000",156K | N/A | N/A
Payzen,"Belo Horizonte, MG, Brazil",Mid Level,Full Stack,5  yrs,2  yrs,"R$406,836",406.8K | N/A | N/A
GLOBO,"Rio de Janeiro, RJ, Brazil",L5,Full Stack,13  yrs,6  yrs,"R$173,000",156K | 17K | N/A
Itau,"Sao Paulo, SP, Brazil",Mid Level,Distributed Systems (Back-End),3  yrs,3  yrs,"R$128,000",108K | N/A | 20K
GFT Group,"Sao Paulo, SP, Brazil",Software Engineer,API Development (Back-End),4  yrs,1  yr,"R$78,000",78K | N/A | N/A
iFood,"Osasco, SP, Brazil",I13,API Development (Back-End),5  yrs,0  yrs,"R$168,000",168K | N/A | N/A
Pitang,"Recife, PE, Brazil",Senior,API Development (Back-End),19  yrs,1  yr,"R$176,628",176.6K | N/A | N/A
Microsoft,"Sao Paulo, SP, Brazil",62,Distributed Systems (Back-End),7  yrs,3  yrs,"R$240,000",200K | 40K | N/A
Clevertech,"Sao Paulo, SP, Brazil",Senior,Full Stack,12  yrs,1  yr,"R$406,441",406.4K | N/A | N/A
Hotel Engine,"Sao Paulo, SP, Brazil",Senior,API Development (Back-End),11+  yrs,11+  yrs,"R$110,000",110K | N/A | N/A
Comm.tec,"Sao Paulo, SP, Brazil",L3,Web Development (Front-End),0  yrs,0  yrs,"R$13,200",13.2K | N/A | N/A
Anonymous,"Curitiba, PR, Brazil",N/A,N/A,11+  yrs,11+  yrs,"R$135,000",120K | N/A | 15K
Anonymous,"Sao Jose dos Campos, SP, Brazil",N/A,N/A,5-10  yrs,5-10  yrs,"R$140,000",140K | N/A | N/A
Anonymous,"Bauru, SP, Brazil",N/A,N/A,5-10  yrs,5-10  yrs,"R$74,600",54.6K | N/A | 20K
BEJS,"Rio de Janeiro, RJ, Brazil",4,Networking,1  yr,1  yr,"R$90,000",90K | N/A | N/A
Itau,"Sao Paulo, SP, Brazil",technical  leader,Distributed Systems (Back-End),10  yrs,2  yrs,"R$271,000",237K | N/A | 34K
ThoughtWorks,"Belo Horizonte, MG, Brazil",Lead Consultant,Full Stack,14  yrs,6  yrs,"R$286,000",286K | N/A | N/A
ThoughtWorks,"Recife, PE, Brazil",Consultant,Full Stack,4  yrs,3  yrs,"R$90,000",90K | N/A | N/A
Mercado Libre,"Sao Paulo, SP, Brazil",Senior Software Engineer,Distributed Systems (Back-End),5  yrs,1  yr,"R$252,200",232.8K | N/A | 19.4K
Santander Bank,"Sao Paulo, SP, Brazil",L3,API Development (Back-End),4  yrs,3  yrs,"R$108,000",108K | N/A | N/A
Nubank,"Sao Paulo, SP, Brazil",IC5,Data,10  yrs,3  yrs,"R$372,127",253.4K | 100.7K | 18K
KnowBe4,"Sao Paulo, SP, Brazil",Staff,Full Stack,10  yrs,2  yrs,"R$568,364",557.2K | N/A | 11.1K
Loggi,"Sao Paulo, SP, Brazil",Senior,Full Stack,5  yrs,5  yrs,"R$240,000",180K | 30K | 30K
Sodexo,"1Vitoria, ES, Brazil",L3,Full Stack,6  yrs,1  yr,"R$240,000",240K | N/A | N/A
FAB,"Rio de Janeiro, RJ, Brazil",Senior,Full Stack,14  yrs,14  yrs,"R$125,000",85K | 40K | N/A
Anonymous,"Sao Paulo, SP, Brazil",N/A,N/A,5-10  yrs,5-10  yrs,"R$90,000",90K | N/A | N/A
DBCompany,"Porto Alegre, RS, Brazil",-,Testing (SDET),1  yr,1  yr,"R$37,200",37.2K | N/A | N/A
The Chamber of De...,"Brasilia, DF, Brazil",L3,Full Stack,10  yrs,1  yr,"R$400,000",400K | N/A | N/A
NoRedInk,"Osasco, SP, Brazil",Software Engineer II,Full Stack,7  yrs,2  yrs,"R$654,161",654.2K | N/A | N/A
Zwift,"Rio de Janeiro, RJ, Brazil",N/A,N/A,5-10  yrs,5-10  yrs,"R$400,000",400K | N/A | N/A
Café,"Sao Paulo, SP, Brazil",Senior,Distributed Systems (Back-End),5  yrs,3  yrs,"R$192,000",192K | N/A | N/A
Bradesco,"Sao Paulo, SP, Brazil",Senior,Full Stack,4  yrs,0  yrs,"R$266,000",227.5K | N/A | 38.5K
Nubank,"Sao Paulo, SP, Brazil",IC4,Distributed Systems (Back-End),3  yrs,2  yrs,"R$227,582",144K | 83.6K | N/A
Avanade,"Recife, PE, Brazil",Consultant,API Development (Back-End),15  yrs,3  yrs,"R$156,000",156K | N/A | N/A
Anonymous,"Sao Paulo, SP, Brazil",N/A,N/A,5-10  yrs,5-10  yrs,"R$216,000",216K | N/A | N/A
Artefact,"Sao Paulo, SP, Brazil",III,Data,3  yrs,2  yrs,"R$120,900",111.6K | N/A | 9.3K
Alice,"Sao Paulo, SP, Brazil",N/A,N/A,5-10  yrs,5-10  yrs,"R$223,000",223K | N/A | N/A
SGD,"Brasilia, DF, Brazil",L2,DevOps,7  yrs,3  yrs,"R$150,000",150K | N/A | N/A
Banco do Brasil,"Brasilia, DF, Brazil",N/A,N/A,5-10  yrs,5-10  yrs,"R$198,600",123.6K | N/A | 75K
Toptal,"Teresina, PI, Brazil",Senior Software Engineer,Backend,13  yrs,2  yrs,"R$406,952",407K | N/A | N/A
Itau,"Sao Paulo, SP, Brazil",Senior,-,4  yrs,4  yrs,"R$184,085",164.1K | N/A | 20K
iFood,"Campinas, SP, Brazil",I11,API Development (Back-End),3  yrs,3  yrs,"R$124,800",115.2K | N/A | 9.6K
MessageBird,"Recife, PE, Brazil",Senior,Web Development (Front-End),7  yrs,0  yrs,"R$450,000",450K | N/A | N/A
Serpro,"Sao Paulo, SP, Brazil",Classe 1,Distributed Systems (Back-End),7  yrs,0  yrs,"R$113,583",98.8K | N/A | 14.8K
Mindbody,"Belo Horizonte, MG, Brazil",L3,Distributed Systems (Back-End),15  yrs,1  yr,"R$626,543",626.5K | N/A | N/A
Dell Technologies,"Sao Paulo, SP, Brazil",Principal Engineer,ML / AI,6  yrs,1  yr,"R$350,000",300K | N/A | 50K
Zenklub,"Sao Paulo, SP, Brazil",III,Web Development (Front-End),7  yrs,3  yrs,"R$122,400",122.4K | N/A | N/A
KnowBe4,"Sao Paulo, SP, Brazil",L2,Full Stack,4  yrs,4  yrs,"R$323,077",323.1K | N/A | N/A
Amazon,"Sao Paulo, SP, Brazil",SDE III,API Development (Back-End),8  yrs,5  yrs,"R$497,000",360K | 137K | N/A
AgileEngine,"Sao Paulo, SP, Brazil",Senior,N/A,5-10  yrs,5-10  yrs,"R$395,253",395.3K | N/A | N/A
AMcom,"Sao Paulo, SP, Brazil",L3,Desktop,5  yrs,1  yr,"R$110,400",110.4K | N/A | N/A
GLOBO,"Rio de Janeiro, RJ, Brazil",Mid,Distributed Systems (Back-End),7  yrs,2  yrs,"R$104,600",93.6K | N/A | 11K
DB Server,"Porto Alegre, RS, Brazil",L3,API Development (Back-End),13  yrs,2  yrs,"R$160,800",160.8K | N/A | N/A
Robbin,"Sao Paulo, SP, Brazil",Senior,Data,6  yrs,0  yrs,"R$144,000",144K | N/A | N/A
TPV,"Manaus, AM, Brazil",Researcher 4,Embedded,8  yrs,2  yrs,"R$214,211",197.7K | N/A | 16.5K
Hotel Engine,"Sao Paulo, SP, Brazil",L3,Distributed Systems (Back-End),7  yrs,1  yr,"R$516,753",516.8K | N/A | N/A
Ioasys,"Belo Horizonte, MG, Brazil",L2,Web Development (Front-End),4  yrs,0  yrs,"R$60,000",60K | N/A | N/A
Capgemini,"Sao Paulo, SP, Brazil",B2,Full Stack,4  yrs,1  yr,"R$12,000",12K | N/A | N/A
Anonymous,"Brasilia, DF, Brazil",-,N/A,7  yrs,3  yrs,"R$529,846",529.8K | N/A | N/A
PicPay,"Sao Paulo, SP, Brazil",L3,Data,5  yrs,3  yrs,"R$140,000",140K | N/A | N/A
Capgemini,"Rio de Janeiro, RJ, Brazil",A5,Full Stack,9  yrs,3  yrs,"R$131,554",131.6K | N/A | N/A
Anonymous,"Campinas, SP, Brazil",N/A,N/A,2-4  yrs,2-4  yrs,"R$83,030",75.5K | N/A | 7.5K
Itau,"Sao Paulo, SP, Brazil",L1,Full Stack,3  yrs,1  yr,"R$114,000",84K | N/A | 30K
JAYA,"Recife, PE, Brazil",L3,Web Development (Front-End),14  yrs,3  yrs,"R$440,000",440K | N/A | N/A
OLX Group,"Rio de Janeiro, RJ, Brazil",L3,Distributed Systems (Back-End),10  yrs,2  yrs,"R$169,700",154.2K | N/A | 15.5K
Facebook,"Sao Paulo, SP, Brazil",E4,API Development (Back-End),4  yrs,4  yrs,"R$857,141",416K | 379.1K | 62K
iFood,"Campinas, SP, Brazil",N1,Distributed Systems (Back-End),8  yrs,4  yrs,"R$280,000",240K | N/A | 40K
Cadence Design Sy...,"Belo Horizonte, MG, Brazil",Lead Software Engineer,Full Stack,16  yrs,4  yrs,"R$192,899",192.9K | N/A | N/A
Anonymous,"Porto Alegre, RS, Brazil",N/A,N/A,11+  yrs,11+  yrs,"R$410,399",410.4K | N/A | N/A
Anonymous,"Sao Paulo, SP, Brazil",N/A,N/A,2-4  yrs,2-4  yrs,"R$62,160",62.2K | N/A | N/A
Nubank,"Sao Paulo, SP, Brazil",IC5,API Development (Back-End),5  yrs,3  yrs,"R$377,800",271.6K | 88.2K | 18K
Amazon,"Sao Paulo, SP, Brazil",SDE III,Distributed Systems (Back-End),10  yrs,6  yrs,"R$584,000",384K | 200K | N/A
DB,"Porto Alegre, RS, Brazil",L3,API Development (Back-End),13  yrs,1  yr,"R$160,800",160.8K | N/A | N/A
Inmetrics,"Sao Paulo, SP, Brazil",L3,Full Stack,4  yrs,2  yrs,"R$91,200",91.2K | N/A | N/A
Cadence Design Sy...,"Belo Horizonte, MG, Brazil",Software Engineer I,Distributed Systems (Back-End),4  yrs,2  yrs,"R$113,200",103.2K | N/A | 10K
AgileEngine,"Sao Paulo, SP, Brazil",Senior,N/A,5-10  yrs,5-10  yrs,"R$479,440",479.4K | N/A | N/A
Loadsmart,"Sao Paulo, SP, Brazil",L2,N/A,5-10  yrs,5-10  yrs,"R$382,014",382K | N/A | N/A
DB1 Group,"Maringa, PR, Brazil",L3,Full Stack,1  yr,1  yr,"R$48,000",48K | N/A | N/A
Red Spark,"Sao Paulo, SP, Brazil",Senior,API Development (Back-End),18  yrs,2  yrs,"R$166,800",166.8K | N/A | N/A
Yampi,"Sao Paulo, SP, Brazil",-,Web Development (Front-End),7  yrs,1  yr,"R$120,000",120K | N/A | N/A
Dti Digital,"Belo Horizonte, MG, Brazil",Mid Level,Full Stack,3  yrs,2  yrs,"R$74,400",74.4K | N/A | N/A
Correios,"Brasilia, DF, Brazil",Senior Software Engineer,Full Stack,25  yrs,20  yrs,"R$450,000",216K | 234K | N/A
Cartao Elo,"Sao Paulo, SP, Brazil",L4,Distributed Systems (Back-End),5  yrs,2  yrs,"R$121,000",121K | N/A | N/A
Esferas Software,"Sao Paulo, SP, Brazil",Pleno,Full Stack,2  yrs,2  yrs,"R$62,400",62.4K | N/A | N/A
Amazon,"Sao Paulo, SP, Brazil",SDE II,Data,20  yrs,2  yrs,"R$410,000",330K | 80K | N/A
Nubank,"Sao Paulo, SP, Brazil",IC8,Full Stack,18  yrs,7  yrs,"R$1,412,050",781.4K | 612.6K | 18.1K
SulAmérica,"Sao Paulo, SP, Brazil",Staff,Mobile (iOS + Android),6  yrs,1  yr,"R$233,000",192K | N/A | 41K
Serasa Experian,"Sao Paulo, SP, Brazil",L3,Site Reliability (SRE),5  yrs,1  yr,"R$205,000",180K | 25K | N/A
Uber,"Sao Paulo, SP, Brazil",Software Engineer II,Data,4  yrs,0  yrs,"R$431,430",324.9K | 50.9K | 55.7K
Anonymous,"Recife, PE, Brazil",-,N/A,3  yrs,1  yr,"R$169,000",169K | N/A | N/A
Zup Innovation,"Sao Paulo, SP, Brazil",N/A,N/A,2-4  yrs,2-4  yrs,"R$135,020",135K | N/A | N/A
Sardine,"Sao Paulo, SP, Brazil",Software Engineer,API Development (Back-End),11  yrs,0  yrs,"R$533,567",393.2K | 140.4K | N/A
BairesDev,"Rio de Janeiro, RJ, Brazil",Junior Software Engineer,Web Development (Front-End),2  yrs,0  yrs,"R$120,000",120K | N/A | N/A
Intelligent Audit,"Sao Paulo, SP, Brazil",L3,ML / AI,5  yrs,0  yrs,"R$541,171",541.2K | N/A | N/A
Anonymous,"Campinas, SP, Brazil",N/A,N/A,5-10  yrs,5-10  yrs,"R$126,000",114K | N/A | 12K
Efí,"Belo Horizonte, MG, Brazil",L1,Distributed Systems (Back-End),5  yrs,3  yrs,"R$97,788",96.6K | 1.2K | N/A
Nubank,"Sao Paulo, SP, Brazil",IC5,API Development (Back-End),7  yrs,3  yrs,"R$252,000",190K | 50K | 12K
Nuvemshop,"Sao Paulo, SP, Brazil",Mid Level,Full Stack,5  yrs,2  yrs,"R$96,000",96K | N/A | N/A
Ringba,"Florianopolis, SC, Brazil",Principal,Distributed Systems (Back-End),10  yrs,3  yrs,"R$544,184",462.2K | N/A | 82K
Anheuser-Busch InBev,"Sao Paulo, SP, Brazil",Senior,"Rockwell, Siemens",13  yrs,11  yrs,"R$113,500",110K | N/A | 3.5K
GFT Group,"Sao Paulo, SP, Brazil",L4,Web Development (Front-End),7  yrs,4  yrs,"R$171,600",171.6K | N/A | N/A
ThoughtWorks,"Sao Paulo, SP, Brazil",Senior Consultant,Distributed Systems (Back-End),6  yrs,0  yrs,"R$182,000",182K | N/A | N/A
Globant,"Sao Paulo, SP, Brazil",Junior Advanced,Blockchain,3  yrs,2  yrs,"R$111,600",111.6K | N/A | N/A
Fetchly Labs,"Rio de Janeiro, RJ, Brazil",Mid,API Development (Back-End),4  yrs,2  yrs,"R$144,000",144K | N/A | N/A
Google,"Sao Paulo, SP, Brazil",L3,API Development (Back-End),2  yrs,1  yr,"R$315,800",172K | 118K | 25.8K
Anonymous,"Manaus, AM, Brazil",-,N/A,5  yrs,0  yrs,"R$168,000",168K | N/A | N/A
HashiCorp,"Porto Alegre, RS, Brazil",L2,API Development (Back-End),7  yrs,2  yrs,"R$425,323",290.5K | 134.8K | N/A
Accenture,"Sao Paulo, SP, Brazil",Team Leader,Data,7  yrs,3  yrs,"R$140,000",140K | N/A | N/A
iFood,"Sao Paulo, SP, Brazil",I14,API Development (Back-End),11  yrs,0  yrs,"R$246,500",204K | N/A | 42.5K
Americanas,"Rio de Janeiro, RJ, Brazil",Mid,Data,4  yrs,4  yrs,"R$105,196",105.2K | N/A | N/A
Anonymous,"Sao Paulo, SP, Brazil",N/A,N/A,5-10  yrs,5-10  yrs,"R$120,000",120K | N/A | N/A
Bemobi,"Rio de Janeiro, RJ, Brazil",Pleno,Distributed Systems (Back-End),6  yrs,2  yrs,"R$130,000",120K | N/A | 10K
Google,"Sao Paulo, SP, Brazil",L3,Distributed Systems (Back-End),3  yrs,0  yrs,"R$293,938",168K | 100.7K | 25.2K
Vericode,"Sao Paulo, SP, Brazil",-,Full Stack,3  yrs,2  yrs,"R$52,856",50.9K | N/A | 2K
Anonymous,"Sao Paulo, SP, Brazil",N/A,N/A,2-4  yrs,2-4  yrs,"R$110,400",110.4K | N/A | N/A
Inter,"Recife, PE, Brazil",Dev II,API Development (Back-End),5  yrs,3  yrs,"R$102,000",102K | N/A | N/A
Anonymous,"Porto Alegre, RS, Brazil",N/A,N/A,5-10  yrs,5-10  yrs,"R$126,000",108K | N/A | 18K
Anonymous,"Sao Paulo, SP, Brazil",N/A,N/A,5-10  yrs,5-10  yrs,"R$839,526",544.1K | 213.8K | 81.6K
Timescale,"Juiz de For a, MG, Brazil",Senior,Web Development (Front-End),6  yrs,0  yrs,"R$384,816",384.8K | N/A | N/A
Cogna,"Sao Paulo, SP, Brazil",Junior,Full Stack,3  yrs,3  yrs,"R$36,000",36K | N/A | N/A
Stoneco,"Sao Paulo, SP, Brazil",L2,API Development (Back-End),6  yrs,1  yr,"R$96,000",96K | N/A | N/A
Nubank,"Sao Paulo, SP, Brazil",IC6,Data,3  yrs,0  yrs,"R$232,667",216K | 16.7K | N/A
CNN Brasil,"Sao Paulo, SP, Brazil",L1,Testing (SDET),2  yrs,1  yr,"R$62,000",62K | N/A | N/A
Neon,"Sao Paulo, SP, Brazil",L6,API Development (Back-End),13  yrs,4  yrs,"R$675,350",360K | 165.3K | 150K
NTT DATA,"Salvador, BA, Brazil",Senior Software Engineer,Android,4  yrs,2  yrs,"R$104,400",104.4K | N/A | N/A
Quinto Andar,"Sao Paulo, SP, Brazil",2,ML / AI,4  yrs,2  yrs,"R$140,000",120K | N/A | 20K
Grupo Boticário,"Sao Paulo, SP, Brazil",Senior,Full Stack,7  yrs,2  yrs,"R$162,000",132K | N/A | 30K
Deloitte,"Recife, PE, Brazil",L1,SAP,1  yr,1  yr,"R$18,240",18.2K | N/A | N/A
Anonymous,"Belo Horizonte, MG, Brazil",N/A,N/A,11+  yrs,11+  yrs,"R$300,000",+R$10K
Magalu,"Sao Paulo, SP, Brazil",L4,Distributed Systems (Back-End),3  yrs,3  yrs,"R$161,500",150K | N/A | 11.5K
Amazon,"Sao Paulo, SP, Brazil",SDE II,Distributed Systems (Back-End),4  yrs,2  yrs,"R$279,080",199.1K | 80K | N/A
Mercado Libre,"Sao Paulo, SP, Brazil",Software Engineer,Distributed Systems (Back-End),3  yrs,1  yr,"R$163,240",151.6K | N/A | 11.7K
iFood,"Osasco, SP, Brazil",I14,Distributed Systems (Back-End),6  yrs,2  yrs,"R$214,552",171.6K | N/A | 43K
Microsoft,"Sao Luis, MA, Brazil",62,Android,5  yrs,2  yrs,"R$406,210",213.5K | 170.5K | 22.2K
Grupo Boticario,"Sao Paulo, SP, Brazil",N/A,N/A,11+  yrs,11+  yrs,"R$300,000",300K | N/A | N/A
Dell Technologies,"Sao Paulo, SP, Brazil",Software Engineer II,Data,2  yrs,0  yrs,"R$120,000",120K | N/A | N/A
Loggi,"Sao Paulo, SP, Brazil",L3,N/A,5-10  yrs,5-10  yrs,"R$168,000",168K | N/A | N/A
PUCPR,"Curitiba, PR, Brazil",Junior,Web Development (Front-End),1  yr,0  yrs,"R$24,000",24K | N/A | N/A
PagBank,"Sao Paulo, SP, Brazil",L4,Distributed Systems (Back-End),9  yrs,4  yrs,"R$148,760",128.8K | N/A | 20K
CI&T,"Campinas, SP, Brazil",Senior,Testing (SDET),6  yrs,1  yr,"R$127,200",127.2K | N/A | N/A
Amazon,"Sao Paulo, SP, Brazil",SDE I,Full Stack,4  yrs,3  yrs,"R$195,600",105.6K | 60K | 30K
PicPay,"Sao Paulo, SP, Brazil",L3,Site Reliability (SRE),11  yrs,1  yr,"R$1,092,001",252K | N/A | 840K
Target Data Exper...,"Joinville, SC, Brazil",L3,Data,3  yrs,1  yr,"R$146,200",135.2K | N/A | 11K
Ramifica Tech,"Recife, PE, Brazil",L3,API Development (Back-End),7  yrs,3  yrs,"R$360,000",360K | N/A | N/A
RDI Software,"Sao Paulo, SP, Brazil",L3,Distributed Systems (Back-End),8  yrs,1  yr,"R$175,740",175.7K | N/A | N/A
Tamborine,"Belo Horizonte, MG, Brazil",L1,Distributed Systems (Back-End),4  yrs,1  yr,"R$62,400",62.4K | N/A | N/A
Arado,"Sao Paulo, SP, Brazil",Mid Level,API Development (Back-End),4  yrs,2  yrs,"R$130,000",130K | N/A | N/A
Anonymous,"Rio de Janeiro, RJ, Brazil",-,N/A,5  yrs,5  yrs,"R$54,000",54K | N/A | N/A
Stake Together,"Belo Horizonte, MG, Brazil",L4,Full Stack,15  yrs,2  yrs,"R$514,291",514.3K | N/A | N/A
Anonymous,"Sao Paulo, SP, Brazil",N/A,N/A,5-10  yrs,5-10  yrs,"R$173,482",173.5K | N/A | N/A
SysOut Soluções I...,"Goiania, GO, Brazil",-,Full Stack,3  yrs,3  yrs,"R$74,400",74.4K | N/A | N/A
Quinto Andar,"Belo Horizonte, MG, Brazil",2,ML / AI,3  yrs,1  yr,"R$166,000",144K | N/A | 22K
HPE,"Porto Alegre, RS, Brazil",Intermediate,Full Stack,3  yrs,3  yrs,"R$105,491",91.3K | 10.7K | 3.5K
NEC,"Sao Paulo, SP, Brazil",L4,-,14  yrs,14  yrs,"R$330,000",330K | N/A | N/A
PacificSec,"Belo Horizonte, MG, Brazil",Junior,Full Stack,4  yrs,4  yrs,"R$57,600",57.6K | N/A | N/A
Bybit,"Rio de Janeiro, RJ, Brazil",L4,ML / AI,8  yrs,5  yrs,"R$174,000",134K | 40K | N/A
iFood,"Sao Paulo, SP, Brazil",I14,Site Reliability (SRE),4  yrs,1  yr,"R$174,000",174K | N/A | N/A
Quinto Andar,"Sao Paulo, SP, Brazil",N/A,N/A,5-10  yrs,5-10  yrs,"R$302,000",240K | N/A | 62K
Amazon,"Sao Paulo, SP, Brazil",SDE II,Full Stack,15  yrs,5  yrs,"R$460,568",270K | 190.6K | N/A
FIT,"Sorocaba, SP, Brazil",L4,API Development (Back-End),7  yrs,7  yrs,"R$206,000",206K | N/A | N/A
Compass,"Sao Paulo, SP, Brazil",IC3,API Development (Back-End),5  yrs,1  yr,"R$124,000",120K | N/A | 4K
ThoughtWorks,"Recife, PE, Brazil",Senior Consultant,Full Stack,8  yrs,3  yrs,"R$156,000",156K | N/A | N/A
C6 Bank,"Sao Paulo, SP, Brazil",Senior,API Development (Back-End),10  yrs,4  yrs,"R$310,000",240K | N/A | 70K
Origin Financial,"Sao Paulo, SP, Brazil",Senior,Web Development (Front-End),10  yrs,3  yrs,"R$366,125",366.1K | N/A | N/A
Jusbrasil,"Belo Horizonte, MG, Brazil",L6,Distributed Systems (Back-End),4  yrs,2  yrs,"R$827,083",456K | 257.1K | 114K
SYDLE,"Belo Horizonte, MG, Brazil",Trainee L3,ML / AI,3  yrs,3  yrs,"R$47,000",42K | N/A | 5K
IBM,"Sao Paulo, SP, Brazil",Associate Engineer,Mobile (iOS + Android),3  yrs,2  yrs,"R$48,000",48K | N/A | N/A
Softplan,"Florianopolis, SC, Brazil",L2,Full Stack,7  yrs,2  yrs,"R$128,500",120K | N/A | 8.5K
Nubank,"Sao Paulo, SP, Brazil",IC7,ML / AI,11  yrs,4  yrs,"R$755,500",607.5K | 130K | 18K
Anonymous,"Porto Alegre, RS, Brazil",N/A,N/A,2-4  yrs,2-4  yrs,"R$42,000",42K | N/A | N/A
Globant,"Sao Paulo, SP, Brazil",Semi Senior,Web Development (Front-End),7  yrs,3  yrs,"R$69,600",69.6K | N/A | N/A
StudentFinance,"Brasilia, DF, Brazil",Senior,Full Stack,7  yrs,2  yrs,"R$350,000",300K | 50K | N/A
CIT,"Belo Horizonte, MG, Brazil",L3,Data,4  yrs,4  yrs,"R$96,000",96K | N/A | N/A
Comercial Zaffari,"Passo Fundo, RS, Brazil",Mid Level,API Development (Back-End),5  yrs,0  yrs,"R$72,000",72K | N/A | N/A
BairesDev,"Sao Paulo, SP, Brazil",N/A,N/A,5-10  yrs,5-10  yrs,"R$108,000",108K | N/A | N/A
Brex,"Sao Paulo, SP, Brazil",Senior Software Engineer,Web Development (Front-End),7  yrs,0  yrs,"R$707,999",708K | N/A | N/A
iFood,"Sao Paulo, SP, Brazil",I11,Distributed Systems (Back-End),3  yrs,0  yrs,"R$117,600",117.6K | N/A | N/A
Uber,"Sao Paulo, SP, Brazil",Senior Software Engineer,API Development (Back-End),18  yrs,2  yrs,"R$1,013,000",533K | 400K | 80K
Anonymous,"Campinas, SP, Brazil",N/A,N/A,2-4  yrs,2-4  yrs,"R$106,500",89.7K | N/A | 16.8K
Nubank,"Sao Paulo, SP, Brazil",IC5,Full Stack,10  yrs,3  yrs,"R$372,000",260K | 94K | 18K
Sticker Mule,"Sao Paulo, SP, Brazil",Senior,ML / AI,5  yrs,2  yrs,"R$619,548",619.5K | N/A | N/A
Amazon,"Sao Paulo, SP, Brazil",SDE I,Full Stack,4  yrs,2  yrs,"R$193,022",124.3K | 68.7K | N/A
GLOBO,"Rio de Janeiro, RJ, Brazil",Senior,iOS,7  yrs,6  yrs,"R$174,000",156K | N/A | 18K
iFood,"Sao Paulo, SP, Brazil",I14,Distributed Systems (Back-End),3  yrs,2  yrs,"R$207,600",177.6K | N/A | 30K
Amazon,"Sao Paulo, SP, Brazil",SDE I,Full Stack,4  yrs,2  yrs,"R$214,250",123K | 85K | 6.3K
Quinto Andar,"Sao Paulo, SP, Brazil",N/A,N/A,2-4  yrs,2-4  yrs,"R$105,600",105.6K | N/A | N/A
Amazon,"Sao Paulo, SP, Brazil",SDE II,Distributed Systems (Back-End),5  yrs,0  yrs,"R$278,000",228K | 50K | N/A
Google,"Sao Paulo, SP, Brazil",L4,Distributed Systems (Back-End),2  yrs,0  yrs,"R$403,000",262K | 113.5K | 27.5K
Mercado Libre,"Brasilia, DF, Brazil",Software Engineer,Full Stack,3  yrs,3  yrs,"R$180,873",168.3K | N/A | 12.6K
The RealReal,"Sao Paulo, SP, Brazil",L2,Mobile (iOS + Android),7  yrs,2  yrs,"R$540,000",540K | N/A | N/A
Google,"Sao Paulo, SP, Brazil",L4,Distributed Systems (Back-End),12  yrs,0  yrs,"R$436,582",262K | 113.8K | 60.8K
Google,"Belo Horizonte, MG, Brazil",L5,Web Development (Front-End),13  yrs,0  yrs,"R$573,976",344K | 170.9K | 59.1K
CM Hospitalar,"Sao Paulo, SP, Brazil",Jr,Full Stack,2  yrs,2  yrs,"R$72,000",72K | N/A | N/A
AEL Sistemas,"Porto Alegre, RS, Brazil",II,Desktop,7  yrs,7  yrs,"R$132,000",132K | N/A | N/A
BairesDev,"Rio de Janeiro, RJ, Brazil",L3,API Development (Back-End),5  yrs,0  yrs,"R$96,000",96K | N/A | N/A
Harness,"Sao Paulo, SP, Brazil",Senior Software Engineer II,Distributed Systems (Back-End),6  yrs,2  yrs,"R$541,559",490K | 51.6K | N/A
PicPay,"Sao Paulo, SP, Brazil",L4,ML / AI,2  yrs,2  yrs,"R$108,108",108.1K | N/A | N/A
iFood,"Sao Paulo, SP, Brazil",I14,API Development (Back-End),3  yrs,3  yrs,"R$177,600",177.6K | N/A | N/A
Brex,"Rio de Janeiro, RJ, Brazil",Software Engineer II,Distributed Systems (Back-End),6  yrs,1  yr,"R$575,000",545K | 30K | N/A
Hidden,"Sao Paulo, SP, Brazil",-,API Development (Back-End),2  yrs,0  yrs,"R$100,000",100K | N/A | N/A
Isaac,"Sao Paulo, SP, Brazil",N/A,N/A,5-10  yrs,5-10  yrs,"R$144,000",144K | N/A | N/A
Anonymous,"Curitiba, PR, Brazil",N/A,N/A,11+  yrs,11+  yrs,"R$204,000",204K | N/A | N/A
Amazon,"Sao Paulo, SP, Brazil",SDE II,Full Stack,5  yrs,5  yrs,"R$190,000",150K | 40K | N/A
Startuplandia,"Goiania, GO, Brazil",Senior Software Engineer,Full Stack,9  yrs,4  yrs,"R$637,054",637.1K | N/A | N/A
Venmo,"Sao Paulo, SP, Brazil",L3,Distributed Systems (Back-End),7  yrs,3  yrs,"R$300,000",300K | N/A | N/A
Most Specialist T...,"Belo Horizonte, MG, Brazil",6,ML / AI,3  yrs,1  yr,"R$85,500",84K | N/A | 1.5K
Harness,"Sao Paulo, SP, Brazil",Senior Software Engineer II,Distributed Systems (Back-End),6  yrs,2  yrs,"R$560,000",500K | 60K | N/A
Vareto,"Belo Horizonte, MG, Brazil",Senior,Full Stack,12  yrs,0  yrs,"R$469,633",469.6K | N/A | N/A
Caylent,"Sao Paulo, SP, Brazil",L3,DevOps,8  yrs,1  yr,"R$360,484",360.5K | N/A | N/A
USTORE,"Recife, PE, Brazil",-,Full Stack,18  yrs,11  yrs,"R$252,000",252K | N/A | N/A
Volaris Group,"Curitiba, PR, Brazil",Mid,Full Stack,2  yrs,1  yr,"R$48,000",48K | N/A | N/A
Amazon,"Sao Paulo, SP, Brazil",SDE II,Distributed Systems (Back-End),4  yrs,3  yrs,"R$298,000",215K | 83K | N/A
Clara,"Foz do Iguacu, PR, Brazil",-,Data,7  yrs,1  yr,"R$144,000",144K | N/A | N/A
Mercado Libre,"Sao Paulo, SP, Brazil",Senior Software Engineer,Distributed Systems (Back-End),5  yrs,3  yrs,"R$234,000",216K | N/A | 18K
TOOI,"Salvador, BA, Brazil",L1,Web Development (Front-End),2  yrs,1  yr,"R$12,000",12K | N/A | N/A
Anonymous,"Sao Paulo, SP, Brazil",N/A,N/A,5-10  yrs,5-10  yrs,"R$72,000",72K | N/A | N/A
PicPay,"Sao Paulo, SP, Brazil",L4,ML / AI,2  yrs,2  yrs,"R$117,117",108.1K | N/A | 9K
Gympass,"Sao Paulo, SP, Brazil",L4,Web Development (Front-End),8  yrs,2  yrs,"R$268,810",219K | 25.8K | 24K
Equinox Games,"Florianopolis, SC, Brazil",Senior Game Developer,Game Development,10  yrs,1  yr,"R$187,941",187.9K | N/A | N/A
Latitud,"Sao Paulo, SP, Brazil",Staff,Full Stack,8  yrs,3  yrs,"R$360,000",360K | N/A | N/A
PicPay,"Sao Paulo, SP, Brazil",Senior,ML / AI,6  yrs,2  yrs,"R$195,000",180K | N/A | 15K
Anonymous,"Sao Paulo, SP, Brazil",-,N/A,4  yrs,4  yrs,"R$78,000",78K | N/A | N/A
Flex,"Sorocaba, SP, Brazil",L6,Android,9  yrs,5  yrs,"R$219,000",204K | N/A | 15K
SIDIA,"Manaus, AM, Brazil",L2,Full Stack,5  yrs,3  yrs,"R$102,000",90K | N/A | 12K
Gympass,"Sao Paulo, SP, Brazil",L4,Web Development (Front-End),8  yrs,2  yrs,"R$265,738",219K | 25.7K | 21K
Bosch Global,"Sao Paulo, SP, Brazil",EG14,Full Stack,6  yrs,4  yrs,"R$90,000",90K | N/A | N/A
GFT Group,"Sao Paulo, SP, Brazil",Software Engineer,Full Stack,7  yrs,2  yrs,"R$97,333",97.3K | N/A | N/A
Zwift,"Rio de Janeiro, RJ, Brazil",L4,Backend,10  yrs,2  yrs,"R$384,000",384K | N/A | N/A
CI&T,"Sao Paulo, SP, Brazil",Senior,N/A,8  yrs,3  yrs,"R$180,000",180K | N/A | N/A
Digibee,"Sao Paulo, SP, Brazil",4,Distributed Systems (Back-End),11  yrs,0  yrs,"R$357,440",250K | 89.4K | 18K
Avanade,"Recife, PE, Brazil",Senior Consultant,Full Stack,17  yrs,6  yrs,"R$172,800",172.8K | N/A | N/A
ThoughtWorks,"Sao Paulo, SP, Brazil",Lead Consultant,Android,15  yrs,2  yrs,"R$294,300",271.2K | 500 | 22.6K
luizalabs,"Sao Paulo, SP, Brazil",Senior,Distributed Systems (Back-End),15  yrs,4  yrs,"R$230,000",220K | 10K | N/A
Faire,"Sao Paulo, SP, Brazil",E5,API Development (Back-End),17  yrs,2  yrs,"R$480,000",360K | 120K | N/A
Amazon,"Sao Paulo, SP, Brazil",SDE II,Networking,15  yrs,2  yrs,"R$364,000",264K | 100K | N/A
Anonymous,"Sao Paulo, SP, Brazil",N/A,N/A,5-10  yrs,5-10  yrs,"R$156,000",156K | N/A | N/A
Hinge Health,"Sao Paulo, SP, Brazil",L5,Mobile (iOS + Android),6  yrs,2  yrs,"R$608,349",412.4K | 195.9K | N/A
Hinge Health,"Fortaleza, CE, Brazil",L2,Mobile (iOS + Android),7  yrs,2  yrs,"R$306,077",306.1K | N/A | N/A
Hypergiant,"Araraquara, SP, Brazil",Staff,Distributed Systems (Back-End),8  yrs,2  yrs,"R$675,655",675.7K | N/A | N/A
Hotmart,"Belo Horizonte, MG, Brazil",N/A,N/A,11+  yrs,11+  yrs,"R$321,000",260K | 5K | 56K
Quinto Andar,"Sao Paulo, SP, Brazil",N/A,N/A,11+  yrs,11+  yrs,"R$329,000",264K | N/A | 65K
SAP,"Sao Leopoldo, RS, Brazil",T3,Distributed Systems (Back-End),13  yrs,2  yrs,"R$375,947",312K | 12K | 52K
Hinge Health,"Sao Paulo, SP, Brazil",L4,Full Stack,5  yrs,2  yrs,"R$326,000",290K | 36K | N/A
Flurosat,"Sao Paulo, SP, Brazil",3,API Development (Back-End),5  yrs,2  yrs,"R$613,956",614K | N/A | N/A
Google,"Belo Horizonte, MG, Brazil",L4,Distributed Systems (Back-End),7  yrs,2  yrs,"R$521,000",271K | 250K | N/A
iFood,"Sao Luis, MA, Brazil",I12,Distributed Systems (Back-End),7  yrs,1  yr,"R$194,000",170K | N/A | 24K
NoRedInk,"Sao Paulo, SP, Brazil",Software Engineer II,Full Stack,7  yrs,2  yrs,"R$118,000",118K | N/A | N/A
Avanade,"Sao Paulo, SP, Brazil",Analyst,Testing (SDET),2  yrs,0  yrs,"R$70,800",70.8K | N/A | N/A
Amazon,"Sao Paulo, SP, Brazil",SDE II,Distributed Systems (Back-End),7  yrs,3  yrs,"R$434,540",264.5K | 170K | N/A
G&P System & Proj...,"Brasilia, DF, Brazil",L3,Full Stack,7  yrs,3  yrs,"R$132,000",132K | N/A | N/A
Inatel,"Patos de Minas, MG, Brazil",L3,DevOps,6  yrs,3  yrs,"R$135,000",135K | N/A | N/A
Genyx Solar,"Belo Horizonte, MG, Brazil",Senior,Full Stack,9  yrs,1  yr,"R$129,420",129.4K | N/A | N/A
Inventa,"Sao Paulo, SP, Brazil",N/A,N/A,5-10  yrs,5-10  yrs,"R$221,000",221K | N/A | N/A
Invillia,"Sao Carlos, SP, Brazil",L3,Full Stack,4  yrs,3  yrs,"R$110,500",102K | N/A | 8.5K
IBM,"Sao Paulo, SP, Brazil",Associate Engineer,Full Stack,3  yrs,2  yrs,"R$51,725",51.7K | N/A | N/A
IBM,"Sao Paulo, SP, Brazil",Staff Engineer,Full Stack,6  yrs,3  yrs,"R$146,600",120K | 16K | 10.6K
SAP,"Sao Leopoldo, RS, Brazil",T2,Distributed Systems (Back-End),3  yrs,2  yrs,"R$160,000",140K | N/A | 20K
Cartão Elo,"Sao Paulo, SP, Brazil",Senior,Full Stack,5  yrs,2  yrs,"R$124,000",114K | N/A | 10K
Amazon,"Sao Paulo, SP, Brazil",SDE I,Distributed Systems (Back-End),2  yrs,2  yrs,"R$126,000",96K | 20K | 10K
Deel,"Sao Paulo, SP, Brazil",Senior,Distributed Systems (Back-End),6  yrs,1  yr,"R$407,947",407.9K | N/A | N/A
Deel,"Sao Paulo, SP, Brazil",L3,Distributed Systems (Back-End),6  yrs,1  yr,"R$78,000",78K | N/A | N/A
Pipefy,"Curitiba, PR, Brazil",Staff Software Engineer,Distributed Systems (Back-End),5  yrs,3  yrs,"R$220,000",220K | N/A | N/A
Pagonxt,"Porto Alegre, RS, Brazil",L2,Testing (SDET),3  yrs,2  yrs,"R$89,760",81.6K | N/A | 8.2K
Arquivei,"Sao Carlos, SP, Brazil",N/A,N/A,2-4  yrs,2-4  yrs,"R$120,000",120K | N/A | N/A
Nubank,"Sao Paulo, SP, Brazil",IC8,Fintec,15  yrs,4  yrs,"R$1,064,400",596.4K | 450K | 18K
IBM,"Sao Paulo, SP, Brazil",Associate Engineer,Android,10  yrs,2  yrs,"R$84,000",84K | N/A | N/A
Sigtrans,"Rio de Janeiro, RJ, Brazil",L3,Android,8  yrs,3  yrs,"R$120,000",120K | N/A | N/A
Anonymous,"Sao Paulo, SP, Brazil",N/A,N/A,5-10  yrs,5-10  yrs,"R$617,528",617.5K | N/A | N/A
Edata,"Bauru, SP, Brazil",-,Full Stack,4  yrs,1  yr,"R$108,000",108K | N/A | N/A
Nubank,"Sao Paulo, SP, Brazil",IC5,Distributed Systems (Back-End),10  yrs,1  yr,"R$251,177",193.2K | 58K | N/A
Microsoft,"Curitiba, PR, Brazil",Senior SDE,Full Stack,15  yrs,3  yrs,"R$330,000",300K | 30K | N/A
Anonymous,"Belo Horizonte, MG, Brazil",N/A,N/A,5-10  yrs,5-10  yrs,"R$376,855",376.9K | N/A | N/A
Arquivei,"Sao Carlos, SP, Brazil",N/A,N/A,2-4  yrs,2-4  yrs,"R$120,000",120K | N/A | N/A
Anonymous,"Porto Alegre, RS, Brazil",N/A,N/A,11+  yrs,11+  yrs,"R$205,000",180K | N/A | 25K
Amazon,"Sao Paulo, SP, Brazil",SDE I,Distributed Systems (Back-End),2  yrs,0  yrs,"R$122,400",111K | 5.1K | 6.2K
AgileEngine,"Sao Paulo, SP, Brazil",L2,API Development (Back-End),5  yrs,1  yr,"R$409,854",409.9K | N/A | N/A
PicPay,"Sao Paulo, SP, Brazil",L3,API Development (Back-End),11  yrs,2  yrs,"R$203,684",188K | N/A | 15.7K
Grupo Boticario,"Sao Paulo, SP, Brazil",N/A,N/A,5-10  yrs,5-10  yrs,"R$178,624",150.6K | N/A | 28K
FMD - Geologia Ap...,"Sao Paulo, SP, Brazil",L1,Full Stack,1  yr,1  yr,"R$14,400",14.4K | N/A | N/A
Hinge Health,"Sao Paulo, SP, Brazil",L5,Mobile (iOS + Android),6  yrs,2  yrs,"R$611,877",414.8K | 197K | N/A
Mastercard,"Sao Paulo, SP, Brazil",L6,Full Stack,10  yrs,5  yrs,"R$336,902",311.9K | 25K | N/A
Cadence Design Sy...,"Belo Horizonte, MG, Brazil",Software Engineer I,Hardware Tools,3  yrs,3  yrs,"R$138,000",138K | N/A | N/A
Anonymous,"Florianopolis, SC, Brazil",N/A,N/A,2-4  yrs,2-4  yrs,"R$60,000",42K | N/A | 18K
Shape Digital,"Sao Paulo, SP, Brazil",Senior,API Development (Back-End),12  yrs,3  yrs,"R$192,640",182.6K | 10K | N/A
Upwork,"Sao Paulo, SP, Brazil",Senior Software Engineer,Full Stack,7  yrs,1  yr,"R$410,492",410.5K | N/A | N/A
Amazon,"Sao Paulo, SP, Brazil",SDE II,Distributed Systems (Back-End),7  yrs,3  yrs,"R$326,000",246K | 80K | N/A
Tucows,"Sao Paulo, SP, Brazil",Senior,API Development (Back-End),15  yrs,2  yrs,"R$701,289",701.3K | N/A | N/A
ReverseLogix,"Sorocaba, SP, Brazil",Senior,API Development (Back-End),10  yrs,2  yrs,"R$325,598",325.6K | N/A | N/A
luizalabs,"Sao Paulo, SP, Brazil",L4,Distributed Systems (Back-End),3  yrs,2  yrs,"R$209,600",189.6K | N/A | 20K
Anonymous,"Rio de Janeiro, RJ, Brazil",N/A,N/A,5-10  yrs,5-10  yrs,"R$200,000",200K | N/A | N/A
EPAM Systems,"Sao Paulo, SP, Brazil",L3,Full Stack,5  yrs,2  yrs,"R$226,000",216K | N/A | 10K
Hinge Health,"Sao Paulo, SP, Brazil",Senior,Mobile (iOS + Android),6  yrs,2  yrs,"R$622,631",432.3K | 190.3K | N/A
Avaya,"Rio de Janeiro, RJ, Brazil",L1,Distributed Systems (Back-End),7  yrs,0  yrs,"R$162,500",162.5K | N/A | N/A
Tendencias Consul...,"Sao Paulo, SP, Brazil",L2,API Development (Back-End),2  yrs,2  yrs,"R$96,000",96K | N/A | N/A
Serena Energy,"Sao Paulo, SP, Brazil",Senior,Full Stack,9  yrs,2  yrs,"R$225,000",180K | N/A | 45K
GFT Group,"Sao Paulo, SP, Brazil",L2,Distributed Systems (Back-End),5  yrs,2  yrs,"R$79,500",78K | N/A | 1.5K
Amazon,"Sao Paulo, SP, Brazil",SDE II,Distributed Systems (Back-End),5  yrs,4  yrs,"R$355,000",273K | 82K | N/A
VP6,"Belo Horizonte, MG, Brazil",Mid,Full Stack,5  yrs,2  yrs,"R$74,400",74.4K | N/A | N/A
Mindsight,"Sao Paulo, SP, Brazil",L3,Full Stack,2  yrs,1  yr,"R$90,000",90K | N/A | N/A
Education Journey,"Sao Paulo, SP, Brazil",L6,Full Stack,6  yrs,3  yrs,"R$180,000",180K | N/A | N/A
NTT DATA,"Uberlandia, MG, Brazil",Senior Software Engineer,Android,4  yrs,2  yrs,"R$104,000",104K | N/A | N/A
Athelas,"Rio de Janeiro, RJ, Brazil",L3,API Development (Back-End),3  yrs,0  yrs,"R$176,403",176.4K | N/A | N/A
iFood,"Sao Paulo, SP, Brazil",N/A,N/A,2-4  yrs,2-4  yrs,"R$107,490",99.9K | N/A | 7.6K
PagSeguro,"Sao Paulo, SP, Brazil",L3,Testing (SDET),7  yrs,3  yrs,R$144,144 | N/A | N/A
Anonymous,"Sao Paulo, SP, Brazil",N/A,N/A,5-10  yrs,5-10  yrs,"R$360,000",210K | N/A | 150K
Google,"Sao Paulo, SP, Brazil",L3,Distributed Systems (Back-End),3  yrs,0  yrs,"R$293,528",172K | 89.7K | 31.8K
GLOBO,"Rio de Janeiro, RJ, Brazil",N/A,N/A,11+  yrs,11+  yrs,"R$231,000",206K | N/A | 25K
SAP,"Sao Leopoldo, RS, Brazil",T2,API Development (Back-End),6  yrs,2  yrs,"R$204,000",150K | 30K | 24K
Anonymous,"Sao Paulo, SP, Brazil",N/A,N/A,5-10  yrs,5-10  yrs,"R$168,000",168K | N/A | N/A
Anonymous,"Sao Jose dos Campos, SP, Brazil",N/A,N/A,5-10  yrs,5-10  yrs,"R$91,920",91.9K | N/A | N/A
luizalabs,"Sao Paulo, SP, Brazil",L3,Distributed Systems (Back-End),3  yrs,2  yrs,"R$189,600",189.6K | N/A | N/A
Microsoft,"Sao Paulo, SP, Brazil",62,Android,4  yrs,2  yrs,"R$380,769",213.5K | 147.3K | 20K
BTG Pactual,"Sao Paulo, SP, Brazil",L4,Full Stack,4  yrs,4  yrs,"R$265,000",150K | N/A | 115K
El Dorado,"Brasilia, DF, Brazil",L3,Back-end,9  yrs,3  yrs,"R$156,000",156K | N/A | N/A
ADP,"Porto Alegre, RS, Brazil",Associate Software Engineer,API Development (Back-End),2  yrs,2  yrs,"R$66,000",66K | N/A | N/A
Mercado Libre,"Sao Paulo, SP, Brazil",Software Engineer,API Development (Back-End),6  yrs,3  yrs,"R$182,000",168K | N/A | 14K
Microsoft,"Sao Paulo, SP, Brazil",60,Distributed Systems (Back-End),7  yrs,2  yrs,"R$325,350",149.6K | 160K | 15.8K
Accenture,"Sao Paulo, SP, Brazil",10,Web Development (Front-End),6  yrs,3  yrs,"R$125,617",118.6K | N/A | 7K
Vybrant,"Sao Paulo, SP, Brazil",L4,Data,5  yrs,1  yr,"R$168,000",168K | N/A | N/A
UFRJ,"Rio de Janeiro, RJ, Brazil",L1,Research,0  yrs,0  yrs,"R$37,200",37.2K | N/A | N/A
Grupo Boticário,"Sao Paulo, SP, Brazil",Senior,N/A,11+  yrs,11+  yrs,"R$132,000",132K | N/A | N/A
Vigil,"Sao Paulo, SP, Brazil",L3,Full Stack,9  yrs,2  yrs,"R$358,673",358.7K | N/A | N/A
Stefanini Group,"Sao Paulo, SP, Brazil",0000,Web Development (Front-End),1  yr,1  yr,"R$48,000",48K | N/A | N/A
Zig,"Sao Paulo, SP, Brazil",Senior,iOS,8  yrs,1  yr,"R$162,500",162.5K | N/A | N/A
Bluecore,"Sao Paulo, SP, Brazil",Staff,Distributed Systems (Back-End),8  yrs,2  yrs,"R$450,261",450.3K | N/A | N/A
Banco Carrefour,"Sao Paulo, SP, Brazil",Senior,API Development (Back-End),5  yrs,4  yrs,"R$154,000",132K | N/A | 22K
Brex,"Sao Paulo, SP, Brazil",Senior Software Engineer,Data,5  yrs,1  yr,"R$820,000",720K | 100K | N/A
Dell Technologies,"Sao Paulo, SP, Brazil",Senior Engineer,Data,15  yrs,3  yrs,"R$165,000",165K | N/A | N/A
Conta Simples,"Sao Paulo, SP, Brazil",-,Web Development (Front-End),7  yrs,3  yrs,"R$183,000",183K | N/A | N/A
PiniOn,"Ribeirao Preto, SP, Brazil",Senior,Full Stack,7  yrs,5  yrs,"R$144,000",144K | N/A | N/A
Uber,"Sao Paulo, SP, Brazil",Senior Software Engineer,iOS,14  yrs,1  yr,"R$919,025",571.3K | 248.4K | 99.4K
PYYNE Digital,"Sao Paulo, SP, Brazil",Senior Consultant,API Development (Back-End),7  yrs,2  yrs,"R$208,643",208.6K | N/A | N/A
Nubank,"Sao Paulo, SP, Brazil",IC5,API Development (Back-End),12  yrs,0  yrs,"R$280,724",230.4K | 50.3K | N/A
Ubiminds,"Rio de Janeiro, RJ, Brazil",L2,Testing (SDET),3  yrs,1  yr,"R$168,000",168K | N/A | N/A
NTT DATA,"Sao Paulo, SP, Brazil",Senior Software Engineer,Data,3  yrs,1  yr,"R$120,000",120K | N/A | N/A
Anonymous,"Sao Paulo, SP, Brazil",N/A,N/A,5-10  yrs,5-10  yrs,"R$241,468",181.1K | N/A | 60.4K
Amdocs,"Sao Carlos, SP, Brazil",L3,Distributed Systems (Back-End),7  yrs,5  yrs,"R$156,000",144K | N/A | 12K
Amdocs,"Sao Carlos, SP, Brazil",L3,Distributed Systems (Back-End),5  yrs,5  yrs,"R$156,000",144K | N/A | 12K
Quinto Andar,"Belo Horizonte, MG, Brazil",L2,ML / AI,2  yrs,1  yr,"R$164,000",144K | N/A | 20K
Allugator,"Belo Horizonte, MG, Brazil",Senior,Full Stack,3  yrs,3  yrs,"R$178,344",178.3K | N/A | N/A
VTEX,"Rio de Janeiro, RJ, Brazil",L2,N/A,2  yrs,0  yrs,"R$249,820",249.8K | N/A | N/A
Loft,"Recife, PE, Brazil",L2,API Development (Back-End),7  yrs,2  yrs,"R$82,800",82.8K | N/A | N/A
Questrade,"Belo Horizonte, MG, Brazil",L2,Web Development (Front-End),2  yrs,1  yr,"R$60,000",60K | N/A | N/A
Globant,"Sao Paulo, SP, Brazil",Senior 2,API Development (Back-End),5  yrs,2  yrs,"R$216,000",216K | N/A | N/A
Sticker Mule,"Sao Paulo, SP, Brazil",Senior,ML / AI,7  yrs,1  yr,"R$769,107",769.1K | N/A | N/A
PetLove,"Rio de Janeiro, RJ, Brazil",L3,iOS,9  yrs,3  yrs,"R$248,535",248.5K | N/A | N/A
Deal,"Sao Paulo, SP, Brazil",Senior,API Development (Back-End),10  yrs,2  yrs,"R$160,800",160.8K | N/A | N/A
Encora,"Campinas, SP, Brazil",Junior,API Development (Back-End),3  yrs,3  yrs,"R$98,000",84K | N/A | 14K
Vonex,"Sao Paulo, SP, Brazil",L3,Distributed Systems (Back-End),20  yrs,5  yrs,"R$8,000",8K | N/A | N/A
Invillia,"Fortaleza, CE, Brazil",Mid,Full Stack,1  yr,1  yr,"R$96,000",96K | N/A | N/A
Hinge Health,"Porto Alegre, RS, Brazil",Senior,Full Stack,6  yrs,1  yr,"R$305,000",305K | N/A | N/A
Compass UOL,"Sao Paulo, SP, Brazil",Senior,API Development (Back-End),1  yr,1  yr,"R$134,000",130K | N/A | 4K
Nubank,"Sao Paulo, SP, Brazil",IC6,Distributed Systems (Back-End),9  yrs,2  yrs,"R$448,218",326.2K | 104.6K | 17.4K
BairesDev,"Sao Paulo, SP, Brazil",Senior,DevOps,19  yrs,3  yrs,"R$305,594",305.6K | N/A | N/A
Google,"Belo Horizonte, MG, Brazil",L6,Distributed Systems (Back-End),11  yrs,11  yrs,"R$1,207,437",541.1K | 543.3K | 123K
IBM,"Sao Paulo, SP, Brazil",Staff Engineer,API Development (Back-End),5  yrs,2  yrs,"R$120,000",120K | N/A | N/A
IFMS,"Campo Grande, MS, Brazil",-,Full Stack,15  yrs,12  yrs,"R$110,400",110.4K | N/A | N/A
Itau,"Sao Paulo, SP, Brazil",Mid,-,2  yrs,1  yr,"R$144,400",116.4K | N/A | 28K
Loadsmart,"Sao Paulo, SP, Brazil",N/A,N/A,11+  yrs,11+  yrs,"R$449,001",446.3K | 2.7K | N/A
Hotmart,"Belo Horizonte, MG, Brazil",Senior,Web Development (Front-End),10  yrs,4  yrs,"R$148,758",148.8K | N/A | N/A
Hotmart,"Belo Horizonte, MG, Brazil",Senior,Web Development (Front-End),10  yrs,4  yrs,"R$148,758",148.8K | N/A | N/A
BairesDev,"Sao Paulo, SP, Brazil",Senior,Full Stack,20  yrs,3  yrs,"R$357,019",357K | N/A | N/A
Microsoft,"Sao Paulo, SP, Brazil",64,DevOps,15  yrs,2  yrs,"R$653,282",445K | 158.3K | 50K
Microsoft,"Recife, PE, Brazil",64,Site Reliability (SRE),15  yrs,2  yrs,"R$580,282",374K | 158.3K | 48K
Uber,"Sao Paulo, SP, Brazil",Senior Software Engineer,Distributed Systems (Back-End),7  yrs,2  yrs,"R$743,000",432K | 218K | 93K
Uber,"Sao Paulo, SP, Brazil",Senior Software Engineer,Distributed Systems (Back-End),10  yrs,3  yrs,"R$611,856",414K | 197.9K | N/A
CloudWalk,"Sao Paulo, SP, Brazil",Principal,Distributed Systems (Back-End),20  yrs,1  yr,"R$445,176",445.2K | N/A | N/A
BairesDev,"Salvador, BA, Brazil",L3,Web Development (Front-End),8  yrs,2  yrs,"R$296,784",296.8K | N/A | N/A
Upstart 13,"Sao Paulo, SP, Brazil",L5,Data,5  yrs,1  yr,"R$297,282",297.3K | N/A | N/A
Pismo,"Belo Horizonte, MG, Brazil",L3,Distributed Systems (Back-End),9  yrs,1  yr,"R$180,000",180K | N/A | N/A
Amazon,"Sao Paulo, SP, Brazil",SDE I,Android,8  yrs,2  yrs,"R$274,000",144K | 50K | 80K
Stone Payments,"Sao Paulo, SP, Brazil",Tech Lead,Data,20  yrs,2  yrs,"R$280,000",270K | N/A | 10K
YipitData,"Curitiba, PR, Brazil",L2,Data,3  yrs,0  yrs,"R$338,232",338.2K | N/A | N/A
IBM,"Sao Paulo, SP, Brazil",L3,ML / AI,1  yr,0  yrs,"R$36,000",36K | N/A | N/A
IBM,"Sao Paulo, SP, Brazil",L2,ML / AI,0  yrs,0  yrs,"R$36,000",36K | N/A | N/A
Uber,"Sao Paulo, SP, Brazil",Software Engineer I,Distributed Systems (Back-End),1  yr,0  yrs,"R$229,938",184K | 20.4K | 25.5K
Nomad Health,"Sao Paulo, SP, Brazil",L3,Full Stack,8  yrs,2  yrs,"R$455,958",456K | N/A | N/A
Plan A Technologies,"Sao Paulo, SP, Brazil",Software Engineer,API Development (Back-End),7  yrs,0  yrs,"R$252,146",252.1K | N/A | N/A
Sendwave,"Sao Paulo, SP, Brazil",Senior,Full Stack,12  yrs,2  yrs,"R$598,749",598.7K | N/A | N/A
Big Data,"Sao Paulo, SP, Brazil",L1,Data,1  yr,1  yr,"R$24,000",24K | N/A | N/A
Wildlife Studios,"Sao Paulo, SP, Brazil",N/A,N/A,5-10  yrs,5-10  yrs,"R$132,000",132K | N/A | N/A
Ubiminds,"Florianopolis, SC, Brazil",L3,Distributed Systems (Back-End),9  yrs,1  yr,"R$298,278",298.3K | N/A | N/A
Prefeitura de Man...,"Sao Paulo, SP, Brazil",L1,Full Stack,5  yrs,3  yrs,"R$200,000",200K | N/A | N/A
Landis+Gyr,"Curitiba, PR, Brazil",L3,Full Stack,4  yrs,1  yr,"R$87,156",87.2K | N/A | N/A
DASA,"Sao Paulo, SP, Brazil",L4,API Development (Back-End),7  yrs,3  yrs,"R$210,000",180K | 30K | N/A
ArcTouch,"Florianopolis, SC, Brazil",N/A,N/A,5-10  yrs,5-10  yrs,"R$163,200",163.2K | N/A | N/A
Brex,"Florianopolis, SC, Brazil",Software Engineer II,Full Stack,8  yrs,0  yrs,"R$597,000",522K | 75K | N/A
Nubank,"Sao Paulo, SP, Brazil",IC4,Mobile (iOS + Android),6  yrs,3  yrs,"R$159,000",156K | 3K | N/A
Turing,"Brasilia, DF, Brazil",L3,Data,5  yrs,1  yr,"R$362,588",362.6K | N/A | N/A
iFood,"Sao Paulo, SP, Brazil",N2,Data,3  yrs,0  yrs,"R$160,000",160K | N/A | N/A
Alou,"Sao Paulo, SP, Brazil",L1,Web Development (Front-End),7  yrs,3  yrs,"R$100,000",100K | N/A | N/A
Neon,"Sao Paulo, SP, Brazil",N/A,N/A,5-10  yrs,5-10  yrs,"R$200,000",200K | N/A | N/A
Tucows,"Sao Paulo, SP, Brazil",N/A,N/A,11+  yrs,11+  yrs,"R$499,550",499.6K | N/A | N/A
PagSeguro,"Sao Paulo, SP, Brazil",L2,Networking,7  yrs,2  yrs,"R$88,000",88K | N/A | N/A
Anonymous,"Sao Paulo, SP, Brazil",N/A,N/A,5-10  yrs,5-10  yrs,"R$162,000",162K | N/A | N/A
TATEEDA,"Juiz de For a, MG, Brazil",L3,Testing (SDET),6  yrs,1  yr,"R$248,195",248.2K | N/A | N/A
Anonymous,"Fortaleza, CE, Brazil",N/A,N/A,2-4  yrs,2-4  yrs,"R$90,000",90K | N/A | N/A
NearForm,"Sao Paulo, SP, Brazil",Senior,API Development (Back-End),8  yrs,1  yr,"R$585,260",585.3K | N/A | N/A
Binamik,"Florianopolis, SC, Brazil",L3,API Development (Back-End),5  yrs,3  yrs,"R$60,000",60K | N/A | N/A
Mercado Libre,"Sao Paulo, SP, Brazil",Software Engineer,Data,3  yrs,3  yrs,"R$157,000",145K | N/A | 12K
CI&T,"Sao Paulo, SP, Brazil",N/A,N/A,2-4  yrs,2-4  yrs,"R$114,000",114K | N/A | N/A
Sinch,"Sao Paulo, SP, Brazil",L3,Backend,6  yrs,1  yr,"R$204,000",204K | N/A | N/A
Deel,"Sao Paulo, SP, Brazil",N/A,N/A,5-10  yrs,5-10  yrs,"R$384,376",384.4K | N/A | N/A
GoTo,"Sao Paulo, SP, Brazil",Senior Software Engineer,API Development (Back-End),12  yrs,2  yrs,"R$320,000",300K | N/A | 20K
Anonymous,"Campinas, SP, Brazil",N/A,N/A,2-4  yrs,2-4  yrs,"R$4,958",5K | N/A | N/A
Google,"Sao Paulo, SP, Brazil",L4,Full Stack,5  yrs,1  yr,"R$230,000",180K | 50K | N/A
Anonymous,"Sao Paulo, SP, Brazil",N/A,N/A,5-10  yrs,5-10  yrs,"R$64,800",64.8K | N/A | N/A
TOTVS,"Sao Paulo, SP, Brazil",L3,Full Stack,5  yrs,3  yrs,"R$105,000",105K | N/A | N/A
Localiza&co,"Belo Horizonte, MG, Brazil",Mid,API Development (Back-End),3  yrs,2  yrs,"R$92,000",72K | 20K | N/A
Cadence Design Sy...,"Belo Horizonte, MG, Brazil",Software Engineer II,API Development (Back-End),3  yrs,3  yrs,"R$145,000",130K | N/A | 15K
Inventa Shop,"Sao Paulo, SP, Brazil",L2,Full Stack,3  yrs,1  yr,"R$144,000",144K | N/A | N/A
iFood,"Sao Paulo, SP, Brazil",I13,N/A,5  yrs,3  yrs,"R$217,000",182K | N/A | 35K
Planetary,"Fortaleza, CE, Brazil",Lead,Web Development (Front-End),5  yrs,3  yrs,"R$596,897",572.1K | N/A | 24.8K
Uber,"Sao Paulo, SP, Brazil",Software Engineer I,API Development (Back-End),1  yr,0  yrs,"R$230,610",184.8K | 20.3K | 25.5K
Anonymous,"Caxias do Sul, RS, Brazil",N/A,N/A,5-10  yrs,5-10  yrs,"R$168,000",168K | N/A | N/A
WEX,"Sao Paulo, SP, Brazil",L3,API Development (Back-End),5-10  yrs,5-10  yrs,"R$116,400",116.4K | N/A | N/A
Unvoid,"Sao Paulo, SP, Brazil",Junior,Full Stack,1  yr,1  yr,"R$36,000",36K | N/A | N/A
StudentFinance,"Brasilia, DF, Brazil",-,Web Development (Front-End),10  yrs,2  yrs,"R$322,730",268.9K | 53.8K | N/A
Nubank,"Sao Paulo, SP, Brazil",IC4,Data,2  yrs,0  yrs,"R$144,922",136.3K | 8.6K | N/A
Jungle Scout,"Sao Paulo, SP, Brazil",L4,Full Stack,15  yrs,2  yrs,"R$371,438",371.4K | N/A | N/A
Creditas,"Sao Paulo, SP, Brazil",N/A,N/A,11+  yrs,11+  yrs,"R$268,921",222.9K | 46.1K | N/A
Mercado Libre,"Sao Paulo, SP, Brazil",2,API Development (Back-End),4  yrs,2  yrs,"R$200,000",200K | N/A | N/A
Nubank,"Sao Paulo, SP, Brazil",IC5,Distributed Systems (Back-End),10  yrs,3  yrs,"R$296,000",228K | 50K | 18K
Mercado Libre,"Sao Paulo, SP, Brazil",Software Engineer,Distributed Systems (Back-End),4  yrs,2  yrs,"R$165,600",165.6K | N/A | N/A
Quinto Andar,"Sao Paulo, SP, Brazil",N/A,N/A,11+  yrs,11+  yrs,"R$220,800",190.8K | N/A | 30K
Sinch,"Sao Paulo, SP, Brazil",L3,Distributed Systems (Back-End),6  yrs,1  yr,"R$204,000",204K | N/A | N/A
iFood,"Sao Paulo, SP, Brazil",I13,Web Development (Front-End),8  yrs,2  yrs,"R$152,400",152.4K | N/A | N/A
Evoluservices Mei...,"Rio de Janeiro, RJ, Brazil",JR 2,Full Stack,15  yrs,2  yrs,"R$83,000",80K | N/A | 3K
Nubank,"Santa Cruz do Sul, RS, Brazil",IC4,Full Stack,6  yrs,1  yr,"R$182,956",168K | 15K | N/A
Vindi,"Sao Paulo, SP, Brazil",L2,Testing (SDET),7  yrs,0  yrs,"R$72,000",72K | N/A | N/A
NEC,"Sao Paulo, SP, Brazil",Mid,-,3  yrs,1  yr,"R$130,000",120K | N/A | 10K
Mercado Libre,"Florianopolis, SC, Brazil",Senior Software Engineer,Distributed Systems (Back-End),6  yrs,3  yrs,"R$195,000",180K | N/A | 15K
BRQ Digital Solut...,"Santa Cruz do Sul, RS, Brazil",Mid,Full Stack,4  yrs,2  yrs,"R$86,400",86.4K | N/A | N/A
General Motors,"Sao Jose dos Campos, SP, Brazil",Software Engineer 2,DevOps,20  yrs,12  yrs,"R$96,000",96K | N/A | N/A
Rocket.Chat,"Porto Alegre, RS, Brazil",Senior,Web Development (Front-End),7  yrs,3  yrs,"R$163,519",163.5K | N/A | N/A
Anonymous,"Valinhos, SP, Brazil",-,N/A,2  yrs,2  yrs,"R$22,800",22.8K | N/A | N/A
Zapay,"Brasilia, DF, Brazil",L3,Web Development (Front-End),4  yrs,1  yr,"R$107,323",107.3K | N/A | N/A
CentralIT,"Brasilia, DF, Brazil",L2,Full Stack,7  yrs,1  yr,"R$48,000",48K | N/A | N/A
IBM,"Sao Paulo, SP, Brazil",Associate Engineer,Data,5  yrs,2  yrs,"R$69,625",69.6K | N/A | N/A
SMS group,"Belo Horizonte, MG, Brazil",Middle,Web Development (Front-End),5  yrs,3  yrs,"R$66,000",66K | N/A | N/A
Harness,"Sao Paulo, SP, Brazil",Senior Software Engineer II,Distributed Systems (Back-End),5  yrs,2  yrs,"R$497,500",490K | 7.5K | N/A
Goldman Sachs,"Sao Paulo, SP, Brazil",Associate,Distributed Systems (Back-End),6  yrs,4  yrs,"R$400,000",300K | N/A | 100K
Nubank,"Sao Paulo, SP, Brazil",IC5,Site Reliability (SRE),10  yrs,3  yrs,"R$279,200",229.2K | 50K | N/A
Gympass,"Sao Paulo, SP, Brazil",G4,N/A,5-10  yrs,5-10  yrs,"R$192,000",192K | N/A | N/A
BairesDev,"Florianopolis, SC, Brazil",L2,Data,7  yrs,3  yrs,"R$324,489",324.5K | N/A | N/A
Uber,"Sao Paulo, SP, Brazil",Senior Software Engineer,Distributed Systems (Back-End),10  yrs,5  yrs,"R$816,300",521.3K | 175K | 120K
Zup,"Sao Paulo, SP, Brazil",L2,Distributed Systems (Back-End),2  yrs,0  yrs,"R$104,000",96K | N/A | 8K
Cognizant,"Sao Paulo, SP, Brazil",L3,Full Stack,7  yrs,2  yrs,"R$130,000",130K | N/A | N/A
DtLabs,"Bauru, SP, Brazil",Middle Level,ML / AI,2  yrs,1  yr,"R$84,000",84K | N/A | N/A
iFood,"Sao Paulo, SP, Brazil",I14,Distributed Systems (Back-End),3  yrs,0  yrs,"R$207,200",177.6K | N/A | 29.6K
Jungle Scout,"Brasilia, DF, Brazil",L4,Full Stack,4  yrs,2  yrs,"R$429,496",+R$25.3K
Quero Meus Direitos,"Belo Horizonte, MG, Brazil",L1,Full Stack,2  yrs,1  yr,"R$39,000",39K | N/A | N/A
Google,"Sao Paulo, SP, Brazil",L3,Full Stack,2  yrs,0  yrs,"R$256,350",154K | 75K | 27.4K
Hotel Engine,"Sao Paulo, SP, Brazil",Senior,Distributed Systems (Back-End),8  yrs,0  yrs,"R$495,340",495.3K | N/A | N/A
iFood,"Sao Paulo, SP, Brazil",N1,Web Development (Front-End),16  yrs,8  yrs,"R$203,184",203.2K | N/A | N/A
Rocket.Chat,"Sao Paulo, SP, Brazil",Mid,Web Development (Front-End),7  yrs,2  yrs,"R$162,815",162.8K | N/A | N/A
Anonymous,"Natal, RN, Brazil",N/A,N/A,5-10  yrs,5-10  yrs,"R$49,517",49.5K | N/A | N/A
Promaxima,"Maceio, AL, Brazil",L1,API Development (Back-End),3  yrs,1  yr,"R$29,900",27.6K | N/A | 2.3K
Sensedia,"Campinas, SP, Brazil",L4,API Development (Back-End),9  yrs,6  yrs,"R$155,946",155.9K | N/A | N/A
Global Payments,"Sao Paulo, SP, Brazil",Senior,Full Stack,10  yrs,3  yrs,"R$722,520",663.5K | N/A | 59K
Anonymous,"Rio de Janeiro, RJ, Brazil",N/A,N/A,11+  yrs,11+  yrs,"R$169,000",156K | N/A | 13K
Will Bank,"Sao Paulo, SP, Brazil",Senior,Distributed Systems (Back-End),17  yrs,1  yr,"R$318,000",318K | N/A | N/A
Clevertech,"Sao Paulo, SP, Brazil",Senior,Full Stack,15  yrs,6  yrs,"R$471,946",471.9K | N/A | N/A
Unico,"Florianopolis, SC, Brazil",IC8,DevOps,30  yrs,1  yr,"R$1,325,000",700K | 425K | 200K
KnowBe4,"Recife, PE, Brazil",Staff,Full Stack,12  yrs,2  yrs,"R$420,000",420K | N/A | N/A
BairesDev,"Sao Paulo, SP, Brazil",N/A,N/A,5-10  yrs,5-10  yrs,"R$202,295",+R$12K
Arado,"Sao Paulo, SP, Brazil",Senior,Full Stack,15  yrs,3  yrs,"R$324,561",300K | 24.6K | N/A
C6 Bank,"Sao Paulo, SP, Brazil",Tech Engineer,Distributed Systems (Back-End),5  yrs,2  yrs,"R$192,000",156K | N/A | 36K
Upstart 13,"Sao Paulo, SP, Brazil",-,Full Stack,4  yrs,1  yr,"R$296,042",296K | N/A | N/A
Act Digital,"Sao Paulo, SP, Brazil",L3,Distributed Systems (Back-End),10  yrs,1  yr,"R$135,600",135.6K | N/A | N/A
Atrium,"Sao Paulo, SP, Brazil",Senior,Data,17  yrs,1  yr,"R$494,756",494.8K | N/A | N/A
Nubank,"Rio de Janeiro, RJ, Brazil",IC5,Full Stack,6  yrs,2  yrs,"R$282,324",214.5K | 49.8K | 18K
CI&T,"Sao Paulo, SP, Brazil",L3,Full Stack,5-10  yrs,5-10  yrs,"R$156,000",156K | N/A | N/A
Nubank,"Sao Paulo, SP, Brazil",IC5,API Development (Back-End),6  yrs,1  yr,"R$245,320",205.3K | 40K | N/A
DASA,"Sao Paulo, SP, Brazil",N/A,N/A,5-10  yrs,5-10  yrs,"R$206,959",177.4K | N/A | 29.6K
Hotel Engine,"Sao Paulo, SP, Brazil",Senior,API Development (Back-End),10  yrs,0  yrs,"R$493,104",493.1K | N/A | N/A
Truelogic,"Sao Paulo, SP, Brazil",L5,API Development (Back-End),8  yrs,1  yr,"R$302,992",303K | N/A | N/A
Quero Meus Direitos,"Belo Horizonte, MG, Brazil",L3,Full Stack,2  yrs,1  yr,"R$39,000",39K | N/A | N/A
XP,"Sao Paulo, SP, Brazil",N/A,N/A,5-10  yrs,5-10  yrs,"R$316,000",201K | N/A | 115K
Amazon,"Sao Paulo, SP, Brazil",SDE III,DevOps,7  yrs,1  yr,"R$400,000",360K | 40K | N/A
BairesDev,"Sao Paulo, SP, Brazil",L5,N/A,5-10  yrs,5-10  yrs,"R$229,000",229K | N/A | N/A
Pagbank,"Sao Paulo, SP, Brazil",Senior Software Engineer,Embedded,7  yrs,4  yrs,"R$192,000",144K | N/A | 48K
CI&T,"Belo Horizonte, MG, Brazil",Senior,Distributed Systems (Back-End),8  yrs,3  yrs,"R$120,000",120K | N/A | N/A
Volkswagen,"Sao Bernardo do Campo, SP, Brazil",-,Distributed Systems (Back-End),8  yrs,1  yr,"R$183,240",183.2K | N/A | N/A
SAP,"Sao Leopoldo, RS, Brazil",T2,Full Stack,5  yrs,3  yrs,"R$150,000",150K | N/A | N/A
Avanade,"Recife, PE, Brazil",10,API Development (Back-End),3  yrs,3  yrs,"R$100,000",100K | N/A | N/A
Quinto Andar,"Sao Paulo, SP, Brazil",N/A,N/A,5-10  yrs,5-10  yrs,"R$164,900",143.4K | N/A | 21.5K
VTEX,"Rio de Janeiro, RJ, Brazil",L3,N/A,4  yrs,3  yrs,"R$192,000",192K | N/A | N/A
Zup Innovation,"Sao Paulo, SP, Brazil",N/A,N/A,11+  yrs,11+  yrs,"R$168,000",144K | N/A | 24K
Jungle Scout,"Sao Paulo, SP, Brazil",L4,Full Stack,7  yrs,3  yrs,"R$423,133",384.2K | N/A | 38.9K
NTT DATA,"Uberlandia, MG, Brazil",Senior Software Engineer,Android,3  yrs,2  yrs,"R$103,200",103.2K | N/A | N/A
Anonymous,"Sao Paulo, SP, Brazil",N/A,N/A,5-10  yrs,5-10  yrs,"R$186,000",186K | N/A | N/A
Google,"Belo Horizonte, MG, Brazil",L3,Android,3  yrs,1  yr,"R$271,000",156K | 100K | 15K
Anonymous,"Recife, PE, Brazil",N/A,N/A,5-10  yrs,5-10  yrs,"R$100,000",100K | N/A | N/A
XPTO,"Recife, PE, Brazil",-,Eng,15  yrs,8  yrs,"R$825,215",728.1K | N/A | 97.1K
BairesDev,"Salvador, BA, Brazil",Senior,Web Development (Front-End),8  yrs,2  yrs,"R$291,252",291.3K | N/A | N/A
Minsait,"Sao Paulo, SP, Brazil",L3,Networking,6  yrs,1  yr,"R$108,000",108K | N/A | N/A
TownSq,"Itatiba, SP, Brazil",Senior,Web Development (Front-End),5  yrs,1  yr,"R$129,700",127.2K | N/A | 2.5K
Serasa Experian,"Sao Paulo, SP, Brazil",Senior,Full Stack,4  yrs,2  yrs,"R$144,000",144K | N/A | N/A
Geekie,"Sao Paulo, SP, Brazil",L2,Full Stack,4  yrs,2  yrs,"R$116,200",109.2K | N/A | 7K
Anonymous,"Brasilia, DF, Brazil",N/A,N/A,5-10  yrs,5-10  yrs,"R$198,000",198K | N/A | N/A
Anonymous,"Sao Paulo, SP, Brazil",N/A,N/A,2-4  yrs,2-4  yrs,"R$93,420",93.4K | N/A | N/A
Jaya Tech,"Sao Paulo, SP, Brazil",Senior,API Development (Back-End),8  yrs,2  yrs,"R$264,956",265K | N/A | N/A
DBServer,"Porto Alegre, RS, Brazil",L2,Embedded,4  yrs,2  yrs,"R$96,000",96K | N/A | N/A
Brex,"Rio de Janeiro, RJ, Brazil",Software Engineer II,Distributed Systems (Back-End),5  yrs,0  yrs,"R$557,500",520K | 37.5K | N/A
GFT Group,"Sao Paulo, SP, Brazil",L5,Testing (SDET),6  yrs,1  yr,"R$245,330",245.3K | N/A | N/A
Turing,"Sao Paulo, SP, Brazil",Senior Software Engineer,Data,7  yrs,2  yrs,"R$480,000",480K | N/A | N/A
Geek Business Lab,"Salvador, BA, Brazil",L3,API Development (Back-End),5  yrs,3  yrs,"R$36,000",36K | N/A | N/A
Claravine,"Sao Paulo, SP, Brazil",Senior,Full Stack,6  yrs,1  yr,"R$303,919",303.9K | N/A | N/A
Itau,"Sao Paulo, SP, Brazil",Mid,-,2  yrs,1  yr,"R$135,200",115.2K | N/A | 20K
Dione Solutions,"Sao Paulo, SP, Brazil",Entry Level Engineer,Data,1  yr,0  yrs,"R$62,400",62.4K | N/A | N/A
Goldman Sachs,"Sao Paulo, SP, Brazil",Associate,Full Stack,5  yrs,4  yrs,"R$500,000",360K | N/A | 140K
Google,"Belo Horizonte, MG, Brazil",L3,Android,3  yrs,1  yr,"R$279,000",156K | 100K | 23K
iFood,"Sao Paulo, SP, Brazil",N2,Distributed Systems (Back-End),8  yrs,5  yrs,"R$441,915",264K | 117.9K | 60K
Itau,"Sao Paulo, SP, Brazil",Mid Level,API Development (Back-End),2  yrs,1  yr,"R$135,200",115.2K | N/A | 20K
Raro Labs,"Belo Horizonte, MG, Brazil",L3,iOS,6  yrs,3  yrs,"R$130,000",130K | N/A | N/A
Stefanini Group,"Sao Paulo, SP, Brazil",L3,Full Stack,2  yrs,1  yr,"R$48,000",48K | N/A | N/A
Ecore,"Sao Paulo, SP, Brazil",-,API Development (Back-End),8  yrs,1  yr,"R$186,000",186K | N/A | N/A
Anonymous,"Belo Horizonte, MG, Brazil",N/A,N/A,11+  yrs,11+  yrs,"R$108,000",108K | N/A | N/A
Anonymous,"Manaus, AM, Brazil",N/A,N/A,5-10  yrs,5-10  yrs,"R$91,752",91.8K | N/A | N/A
Anonymous,"Belo Horizonte, MG, Brazil",N/A,N/A,5-10  yrs,5-10  yrs,"R$135,000",135K | N/A | N/A
Amazon,"Sao Paulo, SP, Brazil",SDE I,Testing (SDET),5  yrs,1  yr,"R$182,000",132K | 50K | N/A
Zenvia,"Sao Paulo, SP, Brazil",L1,Full Stack,2  yrs,1  yr,"R$32,400",32.4K | N/A | N/A
Smarttbot,"Belo Horizonte, MG, Brazil",L3,API Development (Back-End),3  yrs,3  yrs,"R$61,200",61.2K | N/A | N/A
Loadsmart,"Brasilia, DF, Brazil",Mid,Web Development (Front-End),5  yrs,3  yrs,"R$292,800",292.8K | N/A | N/A
VTEX,"Recife, PE, Brazil",Senior Software Engineer,Full Stack,7  yrs,2  yrs,"R$216,000",216K | N/A | N/A
Cryptum.io,"Sao Paulo, SP, Brazil",L1,Blockchain,3  yrs,1  yr,"R$96,000",96K | N/A | N/A
Geopagos,"Sao Paulo, SP, Brazil",Senior,Site Reliability (SRE),7  yrs,1  yr,"R$195,000",180K | N/A | 15K
Tino,"Sao Paulo, SP, Brazil",Staff Software Engineer,API Development (Back-End),15  yrs,2  yrs,"R$247,000",247K | N/A | N/A
Union,"Sao Paulo, SP, Brazil",-,Testing (SDET),5  yrs,5  yrs,"R$36,005",36K | 5 | N/A
Google,"Sao Paulo, SP, Brazil",L4,API Development (Back-End),10  yrs,1  yr,"R$444,838",240K | 169.8K | 35K
Uber,"Sao Paulo, SP, Brazil",Software Engineer II,Data,5  yrs,1  yr,"R$433,650",325K | 60.7K | 48K
Schlumberger,"Rio de Janeiro, RJ, Brazil",Senior,Data,10  yrs,1  yr,"R$337,932",337.9K | N/A | N/A
MileIQ,"Rio de Janeiro, RJ, Brazil",Senior,Web Development (Front-End),8  yrs,1  yr,"R$526,208",492.4K | N/A | 33.8K
iFood,"Sao Paulo, SP, Brazil",N1,Distributed Systems (Back-End),12  yrs,2  yrs,"R$240,000",240K | N/A | N/A
Anonymous,"Campina Grande, PB, Brazil",-,N/A,11  yrs,7  yrs,"R$144,000",144K | N/A | N/A
Uber,"Sao Paulo, SP, Brazil",Software Engineer II,API Development (Back-End),7  yrs,1  yr,"R$416,000",306K | 60K | 50K
Uber,"Sao Paulo, SP, Brazil",Software Engineer II,API Development (Back-End),7  yrs,1  yr,"R$424,000",294K | 80K | 50K
Nubank,"Sao Paulo, SP, Brazil",IC6,Full Stack,6  yrs,6  yrs,"R$500,000",380K | 120K | N/A
Nubank,"Sao Paulo, SP, Brazil",IC7,Full Stack,13  yrs,5  yrs,"R$754,280",510K | 244.3K | N/A
Nubank,"Sao Paulo, SP, Brazil",IC6,Full Stack,15  yrs,3  yrs,"R$342,000",312K | 30K | N/A
RDStation,"Florianopolis, SC, Brazil",L3,API Development (Back-End),9  yrs,2  yrs,"R$180,120",180K | N/A | 120
Amazon,"Sao Paulo, SP, Brazil",SDE II,Full Stack,6  yrs,2  yrs,"R$339,916",223K | 116.9K | N/A
Amazon,"Sao Paulo, SP, Brazil",SDE II,Distributed Systems (Back-End),5  yrs,4  yrs,"R$230,000",200K | 30K | N/A
Taller Technologies,"Sao Paulo, SP, Brazil",N/A,N/A,5-10  yrs,5-10  yrs,"R$406,484",406.5K | N/A | N/A
Amazon,"Sao Paulo, SP, Brazil",SDE II,Full Stack,6  yrs,3  yrs,"R$316,000",216K | 100K | N/A
SAP,"Porto Alegre, RS, Brazil",T2,API Development (Back-End),11  yrs,6  yrs,"R$250,100",179.6K | 40K | 30.5K
Inventa,"Sao Paulo, SP, Brazil",L4,API Development (Back-End),5  yrs,1  yr,"R$180,000",180K | N/A | N/A
Anonymous,"Rio de Janeiro, RJ, Brazil",N/A,N/A,5-10  yrs,5-10  yrs,"R$84,000",84K | N/A | N/A
Druid,"Rio de Janeiro, RJ, Brazil",L2,Data,5  yrs,2  yrs,"R$270,000",270K | N/A | N/A
Midhaz,"Belo Horizonte, MG, Brazil",L2,Web Development (Front-End),4  yrs,2  yrs,"R$48,000",48K | N/A | N/A
Creditas,"Sao Paulo, SP, Brazil",L4,API Development (Back-End),5-10  yrs,5-10  yrs,"R$250,000",250K | N/A | N/A
Google,"Belo Horizonte, MG, Brazil",L3,Full Stack,0  yrs,0  yrs,"R$275,538",154K | 98.4K | 23.1K
Bellosoft,"Brasilia, DF, Brazil",B3,Web Development (Front-End),4  yrs,4  yrs,"R$39,240",39.2K | N/A | N/A
N3urons,"Recife, PE, Brazil",Tech Leader,Full Stack,6  yrs,4  yrs,"R$192,000",192K | N/A | N/A
Ford Motor,"Sao Paulo, SP, Brazil",A,Full Stack,2  yrs,2  yrs,"R$47,040",47K | N/A | N/A
ArcTouch,"Sao Paulo, SP, Brazil",Master,Testing (SDET),7  yrs,7  yrs,"R$250,800",250.8K | N/A | N/A
Epic Games,"Porto Alegre, RS, Brazil",L2,Game Development,3  yrs,1  yr,"R$89,073",78.6K | N/A | 10.4K
iFood,"Curitiba, PR, Brazil",I11,-,3  yrs,0  yrs,"R$192,590",105K | N/A | 87.6K
Inventa,"Sao Paulo, SP, Brazil",N/A,N/A,2-4  yrs,2-4  yrs,"R$180,000",180K | N/A | N/A
Uber,"Sao Paulo, SP, Brazil",Software Engineer II,API Development (Back-End),7  yrs,1  yr,"R$405,407",294K | 61.4K | 50K
Isaac,"Sao Paulo, SP, Brazil",L3,Distributed Systems (Back-End),6  yrs,2  yrs,"R$214,000",208K | 6K | N/A
Nubank,"Sao Paulo, SP, Brazil",IC5,Full Stack,7  yrs,1  yr,"R$259,314",210K | 49.3K | N/A
GFT Group,"Sao Paulo, SP, Brazil",L5,DevOps,10  yrs,3  yrs,"R$214,500",198K | N/A | 16.5K
Microsoft,"Curitiba, PR, Brazil",SDE,Security,5  yrs,2  yrs,"R$164,761",120K | 36.8K | 8K
NTT DATA,"Uberlandia, MG, Brazil",Senior Software Engineer,API Development (Back-End),3  yrs,2  yrs,"R$164,000",164K | N/A | N/A
Anonymous,"Curitiba, PR, Brazil",N/A,N/A,11+  yrs,11+  yrs,"R$216,000",216K | N/A | N/A
Microsoft,"Sao Paulo, SP, Brazil",Senior SDE,API Development (Back-End),5  yrs,3  yrs,"R$350,000",250K | 100K | N/A
Pagbank Pagseguro,"Sao Paulo, SP, Brazil",L2,Distributed Systems (Back-End),4  yrs,1  yr,"R$139,000",114K | N/A | 25K
Anonymous,"Sao Paulo, SP, Brazil",N/A,N/A,5-10  yrs,5-10  yrs,"R$205,055",205.1K | N/A | N/A
Encora,"Campinas, SP, Brazil",L2,Full Stack,4  yrs,2  yrs,"R$131,200",121.2K | N/A | 10K
Amazon,"Sao Paulo, SP, Brazil",L2,Distributed Systems (Back-End),8  yrs,3  yrs,"R$315,000",230K | 85K | N/A
Tiny ERP,"Caxias do Sul, RS, Brazil",Senior,Full Stack,5  yrs,4  yrs,"R$210,000",210K | N/A | N/A
SAP,"Sao Leopoldo, RS, Brazil",T2,Full Stack,7  yrs,6  yrs,"R$131,000",131K | N/A | N/A
IBM,"Rio de Janeiro, RJ, Brazil",Associate Engineer,Data,4  yrs,4  yrs,"R$78,802",78.8K | N/A | N/A
Anonymous,"Curitiba, PR, Brazil",N/A,N/A,2-4  yrs,2-4  yrs,"R$24,000",24K | N/A | N/A
Sticker Mule,"Sao Paulo, SP, Brazil",L1,Distributed Systems (Back-End),3  yrs,1  yr,"R$699,084",699.1K | N/A | N/A
Amazon,"Sao Paulo, SP, Brazil",SDE II,Distributed Systems (Back-End),6  yrs,1  yr,"R$368,500",260K | 43.5K | 65K
Anonymous,"Joinville, SC, Brazil",N/A,N/A,5-10  yrs,5-10  yrs,"R$419,732",419.7K | N/A | N/A
Goldman Sachs,"Sao Paulo, SP, Brazil",L3,Distributed Systems (Back-End),4  yrs,3  yrs,"R$180,000",138K | N/A | 42K
Motorola Solutions,"Sao Paulo, SP, Brazil",E09,Distributed Systems (Back-End),7  yrs,1  yr,"R$130,000",130K | N/A | N/A
Faire,"Belo Horizonte, MG, Brazil",E2,iOS,4  yrs,2  yrs,"R$200,000",200K | N/A | N/A
Anonymous,"Salvador, BA, Brazil",N/A,N/A,11+  yrs,11+  yrs,"R$180,000",180K | N/A | N/A
Creditas,"Sao Paulo, SP, Brazil",L4,API Development (Back-End),10  yrs,3  yrs,"R$310,000",310K | N/A | N/A
Siemens,"Curitiba, PR, Brazil",T7,Production,20  yrs,2  yrs,"R$154,000",144K | 10K | N/A
Accenture,"Sao Paulo, SP, Brazil",Senior Software Engineer,API Development (Back-End),9  yrs,4  yrs,"R$584,556",584.6K | N/A | N/A
Smartrips,"Maceio, AL, Brazil",Junior I,Full Stack,1  yr,1  yr,"R$45,600",45.6K | N/A | N/A
IBM,"Rio de Janeiro, RJ, Brazil",Associate Engineer,Data,5  yrs,5  yrs,"R$84,400",74.4K | N/A | 10K
Upstart 13,"Sao Paulo, SP, Brazil",Senior,Full Stack,4  yrs,1  yr,"R$244,849",244.8K | N/A | N/A
luizalabs,"Sao Paulo, SP, Brazil",Junior,Web Development (Front-End),3  yrs,2  yrs,"R$66,000",66K | N/A | N/A
Inventa,"Sao Paulo, SP, Brazil",L2,API Development (Back-End),3  yrs,1  yr,"R$180,000",180K | N/A | N/A
Podium,"Sao Paulo, SP, Brazil",L4,Full Stack,9  yrs,1  yr,"R$400,000",400K | N/A | N/A
ilegra,"Porto Alegre, RS, Brazil",Senior,API Development (Back-End),5  yrs,5  yrs,"R$260,000",260K | N/A | N/A
Banco do Brasil,"Brasilia, DF, Brazil",Junior,Distributed Systems (Back-End),2  yrs,0  yrs,"R$130,000",100K | N/A | 30K
Gupy,"Sao Paulo, SP, Brazil",L6,ML / AI,6  yrs,3  yrs,"R$216,000",216K | N/A | N/A
Scalable Path,"Sao Paulo, SP, Brazil",-,Web Development (Front-End),5  yrs,1  yr,"R$387,518",387.5K | N/A | N/A
Serasa Experian,"Sao Paulo, SP, Brazil",Senior,API Development (Back-End),4  yrs,2  yrs,"R$166,280",143.3K | N/A | 23K
Stone Co,"Rio de Janeiro, RJ, Brazil",Mid,API Development (Back-End),4  yrs,2  yrs,"R$132,000",132K | N/A | N/A
Ernst and Young,"Belo Horizonte, MG, Brazil",Software Engineer,Full Stack,2  yrs,2  yrs,"R$55,167",53.1K | N/A | 2K
iFood,"Campinas, SP, Brazil",N1,Distributed Systems (Back-End),7  yrs,3  yrs,"R$273,543",233.5K | N/A | 40K
Edata,"Bauru, SP, Brazil",L3,Full Stack,5  yrs,1  yr,"R$108,000",108K | N/A | N/A
ilegra,"Porto Alegre, RS, Brazil",Senior,API Development (Back-End),5  yrs,5  yrs,"R$360,000",360K | N/A | N/A
Kekedot,"Belo Horizonte, MG, Brazil",L3,No Tag,3  yrs,2  yrs,"R$88,206",88.2K | N/A | N/A
Mercado Libre,"Sao Paulo, SP, Brazil",Senior,Web Development (Front-End),11  yrs,4  yrs,"R$200,000",200K | N/A | N/A
Santander Bank,"Sao Paulo, SP, Brazil",L3,Testing (SDET),0  yrs,0  yrs,"R$104,000",84K | 20K | N/A
BairesDev,"Salvador, BA, Brazil",Software Engineer II,Web Development (Front-End),8  yrs,2  yrs,"R$294,354",294.4K | N/A | N/A
Numerality,"Sao Paulo, SP, Brazil",L5,Full Stack,5  yrs,1  yr,"R$367,943",367.9K | N/A | N/A
Solutis Tecnologias,"Sao Paulo, SP, Brazil",L3,API Development (Back-End),15  yrs,1  yr,"R$120,000",99.6K | N/A | 20.4K
Google,"Belo Horizonte, MG, Brazil",L4,Distributed Systems (Back-End),4  yrs,2  yrs,"R$437,733",243.2K | 155.6K | 38.9K
Anonymous,"Sao Paulo, SP, Brazil",N/A,N/A,5-10  yrs,5-10  yrs,"R$437,733",437.7K | N/A | N/A
Loadsmart,"Sao Paulo, SP, Brazil",L4,Web Development (Front-End),5-10  yrs,5-10  yrs,"R$350,000",350K | N/A | N/A
Amazon,"Sao Paulo, SP, Brazil",SDE III,Full Stack,13  yrs,4  yrs,"R$560,000",480K | 80K | N/A
Loadsmart,"Sao Paulo, SP, Brazil",L4,API Development (Back-End),12  yrs,4  yrs,"R$539,847",539.8K | N/A | N/A
Efí,"Belo Horizonte, MG, Brazil",N/A,N/A,5-10  yrs,5-10  yrs,"R$84,600",84.6K | N/A | N/A
Amazon,"Sao Paulo, SP, Brazil",SDE I,Distributed Systems (Back-End),2  yrs,2  yrs,"R$229,101",117.7K | 28K | 83.4K
TinyERP,"Porto Alegre, RS, Brazil",L3,API Development (Back-End),12  yrs,3  yrs,"R$81,000",81K | N/A | N/A
Amazon,"Sao Paulo, SP, Brazil",L3,API Development (Back-End),7  yrs,3  yrs,"R$140,000",100K | 40K | N/A
Avanade,"Sao Paulo, SP, Brazil",N/A,N/A,11+  yrs,11+  yrs,"R$330,172",315.2K | N/A | 15K
Arquivei,"Sao Carlos, SP, Brazil",L3,Distributed Systems (Back-End),7  yrs,1  yr,"R$126,000",126K | N/A | N/A
DASA,"Sao Paulo, SP, Brazil",-,-,7  yrs,3  yrs,"R$180,000",180K | N/A | N/A
CloudWalk,"Sao Paulo, SP, Brazil",-,N/A,3  yrs,3  yrs,"R$194,921",194.9K | N/A | N/A
CIT,"Joao Pessoa, PB, Brazil",L2,Distributed Systems (Back-End),3  yrs,2  yrs,"R$34,800",34.8K | N/A | N/A
Nubank,"Sao Paulo, SP, Brazil",IC4,Data,3  yrs,1  yr,"R$198,000",168K | 30K | N/A
C6 Bank,"Sao Paulo, SP, Brazil",Senior,API Development (Back-End),11  yrs,2  yrs,"R$352,000",205K | 77K | 70K
Trafego Soluções ...,"Sao Paulo, SP, Brazil",Mid-Level Software Engineer,Full Stack,3  yrs,0  yrs,"R$246,995",247K | N/A | N/A
BairesDev,"Salvador, BA, Brazil",-,Web Development (Front-End),7  yrs,2  yrs,"R$294,891",294.9K | N/A | N/A
tmaior,"Rio de Janeiro, RJ, Brazil",-,DevOps,1  yr,1  yr,"R$17,056",17.1K | N/A | N/A
PushStart,"Sao Paulo, SP, Brazil",Pleno,Full Stack,5  yrs,5  yrs,"R$60,000",60K | N/A | N/A
iFood,"Campinas, SP, Brazil",I14,Distributed Systems (Back-End),7  yrs,3  yrs,"R$234,000",216K | N/A | 18K
Anonymous,"Joinville, SC, Brazil",-,N/A,7  yrs,4  yrs,"R$176,440",176.4K | N/A | N/A
X-Team,"Sao Paulo, SP, Brazil",N/A,N/A,5-10  yrs,5-10  yrs,"R$527,643",515.3K | N/A | 12.4K
Genesis Tecnologia,"Campo Grande, MS, Brazil",-,Full Stack,3  yrs,3  yrs,"R$70,000",70K | N/A | N/A
Tata Consultancy ...,"Rio de Janeiro, RJ, Brazil",C1Y,Networking,7  yrs,3  yrs,"R$57,139",21.4K | 35.7K | N/A
CWI Software,"Porto Alegre, RS, Brazil",L2,Full Stack,3  yrs,3  yrs,"R$66,000",66K | N/A | N/A
Gênesis Tecnologia,"Campo Grande, MS, Brazil",-,Full Stack,3  yrs,3  yrs,"R$70,000",70K | N/A | N/A
Globalhitss,"Aracaju, SE, Brazil",L2,DevOps,7  yrs,2  yrs,"R$174,000",174K | N/A | N/A
Remessa Online,"Sao Paulo, SP, Brazil",Senior,Testing (SDET),6  yrs,2  yrs,"R$102,000",102K | N/A | N/A
Sanar,"Sao Paulo, SP, Brazil",L3,Full Stack,4  yrs,2  yrs,"R$170,000",170K | N/A | N/A
Cobli,"Sao Paulo, SP, Brazil",L4,Web Development (Front-End),6  yrs,5  yrs,"R$156,000",156K | N/A | N/A
Anonymous,"Sao Paulo, SP, Brazil",N/A,N/A,5-10  yrs,5-10  yrs,"R$144,000",144K | N/A | N/A
Tecsomobi,"Sao Paulo, SP, Brazil",Mid Senior,Android,6  yrs,1  yr,"R$72,000",72K | N/A | N/A
IBM,"Sao Paulo, SP, Brazil",N/A,N/A,0-1  yrs,0-1  yrs,"R$33,600",33.6K | N/A | N/A
Turing,"Sao Paulo, SP, Brazil",Software Engineer,Backend,6  yrs,0  yrs,"R$376,381",376.4K | N/A | N/A
Invest Bank Company,"Sao Paulo, SP, Brazil",L2,Full Stack,6  yrs,4  yrs,"R$43,000",28.8K | N/A | N/A
Metaventures,"Sao Paulo, SP, Brazil",L2,API Development (Back-End),3  yrs,2  yrs,"R$50,400",50.4K | N/A | N/A
DDN,"Montenegro, RS, Brazil",Contract Software Engineer,Distributed Systems (Back-End),7  yrs,2  yrs,"R$302,136",302.1K | N/A | N/A
iFood,"Sao Paulo, SP, Brazil",I14,Distributed Systems (Back-End),5  yrs,0  yrs,"R$210,000",174K | N/A | 36K
NTT DATA,"Sao Paulo, SP, Brazil",Senior Associate Software Engineer,API Development (Back-End),6  yrs,1  yr,"R$97,200",96K | N/A | 1.2K
Lenarge,"Belo Horizonte, MG, Brazil",L2,Full Stack,2  yrs,1  yr,"R$48,000",48K | N/A | N/A
EQI Investimentos,"Florianopolis, SC, Brazil",L1,Full Stack,2  yrs,2  yrs,"R$47,000",44.2K | N/A | 2.8K
Geofusion,"Uberlandia, MG, Brazil",Junior,ML / AI,1  yr,1  yr,"R$62,400",62.4K | N/A | N/A
Jobby,"Recife, PE, Brazil",L3,Web Development (Front-End),6  yrs,6  yrs,"R$547,323",547.3K | N/A | N/A
Encora,"Sao Paulo, SP, Brazil",L3,Data,5  yrs,1  yr,"R$186,224",160.2K | N/A | 26K
VTEX,"Rio de Janeiro, RJ, Brazil",N/A,N/A,5-10  yrs,5-10  yrs,"R$146,000",126K | N/A | 20K
Nubank,"Sao Paulo, SP, Brazil",IC4,DevOps,5  yrs,1  yr,"R$155,142",150K | 5.1K | N/A
Zé Delivery,"Sao Paulo, SP, Brazil",L3,Data,8  yrs,2  yrs,"R$366,000",266K | N/A | 100K
Paraná Banco,"Curitiba, PR, Brazil",Senior,Distributed Systems (Back-End),6  yrs,3  yrs,"R$158,048",126K | N/A | 32K
Anonymous,"Sao Paulo, SP, Brazil",N/A,N/A,5-10  yrs,5-10  yrs,"R$113,760",113.8K | N/A | N/A
OSF Digital,"Sao Paulo, SP, Brazil",L2,Salesforce,15  yrs,0  yrs,"R$192,000",192K | N/A | N/A
Anonymous,"Sao Jose dos Campos, SP, Brazil",N/A,N/A,11+  yrs,11+  yrs,"R$126,000",126K | N/A | N/A
Amazon,"Sao Paulo, SP, Brazil",SDE II,Full Stack,7  yrs,3  yrs,"R$254,000",204K | 50K | N/A
SAP,"Sao Leopoldo, RS, Brazil",T2,Full Stack,6  yrs,2  yrs,"R$210,000",160K | 20K | 30K
Amazon,"Sao Paulo, SP, Brazil",SDE II,Distributed Systems (Back-End),3  yrs,2  yrs,"R$263,300",199.1K | 64.2K | N/A
Mercado Libre,"Sao Paulo, SP, Brazil",Senior,API Development (Back-End),6  yrs,2  yrs,"R$214,500",198K | N/A | 16.5K
Fill Tech,"Porto Alegre, RS, Brazil",L2,Full Stack,4  yrs,1  yr,"R$38,400",38.4K | N/A | N/A
Anonymous,"Rio de Janeiro, RJ, Brazil",N/A,N/A,11+  yrs,11+  yrs,"R$75,000",75K | N/A | N/A
micro1,"Belo Horizonte, MG, Brazil",Senior,Web Development (Front-End),0  yrs,0  yrs,"R$249,625",249.6K | N/A | N/A
Loggi,"Valinhos, SP, Brazil",L3,Full Stack,8  yrs,1  yr,"R$234,000",156K | 38K | 40K
isaac,"Sao Paulo, SP, Brazil",L4,Distributed Systems (Back-End),6  yrs,1  yr,"R$214,000",208K | 6K | N/A
XP Investimentos,"Sao Paulo, SP, Brazil",L3,API Development (Back-End),4  yrs,1  yr,"R$134,800",69K | N/A | 65.8K
Stone,"Rio de Janeiro, RJ, Brazil",L3,API Development (Back-End),9  yrs,3  yrs,"R$188,000",168K | N/A | 20K
Anonymous,"Sao Paulo, SP, Brazil",N/A,N/A,2-4  yrs,2-4  yrs,"R$132,000",132K | N/A | N/A
Anonymous,"Sao Paulo, SP, Brazil",N/A,N/A,11+  yrs,11+  yrs,"R$360,993",361K | N/A | N/A
Anonymous,"Sao Paulo, SP, Brazil",N/A,N/A,11+  yrs,11+  yrs,"R$189,000",162K | N/A | 27K
Prodepa,"Belem, PA, Brazil",L1,Full Stack,2  yrs,1  yr,"R$16,800",16.8K | N/A | N/A
Avenue,"Sao Paulo, SP, Brazil",N/A,N/A,2-4  yrs,2-4  yrs,"R$218,087",178.1K | N/A | 40K
Anonymous,"Sao Paulo, SP, Brazil",N/A,N/A,2-4  yrs,2-4  yrs,"R$250,690",250.7K | N/A | N/A
iFood,"Campinas, SP, Brazil",I14,Web Development (Front-End),7  yrs,2  yrs,"R$208,000",192K | N/A | 16K
Cognizant,"Sao Paulo, SP, Brazil",L1,RPA,3  yrs,1  yr,"R$78,000",78K | N/A | N/A
DASA,"Sao Paulo, SP, Brazil",-,-,10  yrs,3  yrs,"R$210,000",180K | N/A | 30K
Amazon,"Sao Paulo, SP, Brazil",SDE I,Distributed Systems (Back-End),5  yrs,2  yrs,"R$147,000",132K | 15K | N/A
Google,"Belo Horizonte, MG, Brazil",L4,Distributed Systems (Back-End),4  yrs,2  yrs,"R$449,000",246K | 160K | 43K
Jungle Scout,"Sao Paulo, SP, Brazil",Mid Level,Full Stack,7  yrs,2  yrs,"R$440,603",390K | N/A | 50.6K
C6 Bank,"Sao Paulo, SP, Brazil",L5,API Development (Back-End),10  yrs,1  yr,"R$279,000",204K | N/A | 75K
Mercado Libre,"Florianopolis, SC, Brazil",Semi Senior,API Development (Back-End),4  yrs,1  yr,"R$150,000",130K | N/A | 20K
Bradesco,"Recife, PE, Brazil",L1,Full Stack,2  yrs,0  yrs,"R$68,400",68.4K | N/A | N/A
Banco do Brasil,"Brasilia, DF, Brazil",I,API Development (Back-End),10  yrs,5  yrs,"R$271,200",235K | N/A | 36.2K
Anheuser-Busch InBev,"Campinas, SP, Brazil",Senior I,API Development (Back-End),4  yrs,1  yr,"R$177,428",121.4K | N/A | 56K
Procempa,"Porto Alegre, RS, Brazil",Senior Software Engineer,Full Stack,15  yrs,1  yr,"R$144,000",120K | N/A | 24K
Pinion,"Sao Paulo, SP, Brazil",L3,iOS,5  yrs,1  yr,"R$147,600",147.6K | N/A | N/A
App2Sales,"Salvador, BA, Brazil",Senior,Mobile (iOS + Android),6  yrs,4  yrs,"R$96,000",96K | N/A | N/A
Amazon,"Sao Paulo, SP, Brazil",SDE II,Data,15  yrs,2  yrs,"R$405,000",300K | 70K | 35K
Mercado Libre,"Sao Paulo, SP, Brazil",L4,Data,6  yrs,2  yrs,"R$172,000",160K | N/A | 12K
Encora,"Campinas, SP, Brazil",Senior,Distributed Systems (Back-End),5  yrs,1  yr,"R$166,096",154.2K | N/A | 11.9K
F1RST Digital Ser...,"Sao Paulo, SP, Brazil",L3,Data,4  yrs,2  yrs,"R$215,000",170K | N/A | 45K
Anonymous,"Aracaju, SE, Brazil",N/A,N/A,11+  yrs,11+  yrs,"R$181,000",174K | N/A | 7K
Anonymous,"Sao Paulo, SP, Brazil",N/A,N/A,11+  yrs,11+  yrs,"R$252,000",252K | N/A | N/A
Mercado Eletronico,"Sao Paulo, SP, Brazil",L3,API Development (Back-End),3  yrs,1  yr,"R$142,000",132K | N/A | 10K
LNUS,"Macapa, AP, Brazil",Senior,DevOps,15  yrs,8  yrs,"R$174,200",174.2K | N/A | N/A
Alterdata Software,"Rio de Janeiro, RJ, Brazil",L1,Full Stack,2  yrs,1  yr,"R$66,000",66K | N/A | N/A
Fortics,"Fortaleza, CE, Brazil",-,API Development (Back-End),6  yrs,1  yr,"R$204,000",204K | N/A | N/A
Loadsmart,"Sao Paulo, SP, Brazil",L1,Web Development (Front-End),11  yrs,2  yrs,"R$365,739",365.7K | N/A | N/A
GFT Group,"Sao Paulo, SP, Brazil",L4,API Development (Back-End),13  yrs,2  yrs,"R$108,000",108K | N/A | N/A
Memed,"Sao Paulo, SP, Brazil",L4,API Development (Back-End),10  yrs,2  yrs,"R$144,000",144K | N/A | N/A
SAP,"Sao Leopoldo, RS, Brazil",T2,Full Stack,5  yrs,2  yrs,"R$161,000",140K | N/A | 21K
Alice,"Sao Paulo, SP, Brazil",L4,Mobile (iOS + Android),10  yrs,4  yrs,"R$453,464",336K | 117.5K | N/A
Anonymous,"Rio de Janeiro, RJ, Brazil",N/A,N/A,5-10  yrs,5-10  yrs,"R$210,126",210.1K | N/A | N/A
Jusbrasil,"Sao Paulo, SP, Brazil",Senior Software Engineer,API Development (Back-End),8  yrs,0  yrs,"R$252,000",216K | N/A | 36K
ADP,"Porto Alegre, RS, Brazil",Software Engineer,Full Stack,6  yrs,6  yrs,"R$140,000",134K | N/A | 6K
Nubank,"Sao Paulo, SP, Brazil",IC6,Distributed Systems (Back-End),14  yrs,2  yrs,"R$478,101",420K | 58.1K | N/A
Turing,"Curitiba, PR, Brazil",Tech Lead,Software Architecture,8  yrs,1  yr,"R$426,836",426.8K | N/A | N/A
ADP,"Porto Alegre, RS, Brazil",Software Engineer,Full Stack,6  yrs,6  yrs,"R$140,987",134.3K | N/A | 6.7K
Nenhuma,"Uberlandia, MG, Brazil",L3,Full Stack,3  yrs,1  yr,"R$97,992",98K | N/A | N/A
Stellantis,"Belo Horizonte, MG, Brazil",L1,Embedded Systems,3  yrs,0  yrs,"R$108,000",90K | N/A | 18K
Qintess,"Porto Alegre, RS, Brazil",L1,Testing (SDET),2  yrs,0  yrs,"R$48,000",48K | N/A | N/A
Mip Engenharia,"Belo Horizonte, MG, Brazil",Pleno,Mobile (iOS + Android),3  yrs,1  yr,"R$79,200",79.2K | N/A | N/A
Anonymous,"Teresopolis, RJ, Brazil",N/A,N/A,2-4  yrs,2-4  yrs,"R$60,000",60K | N/A | N/A
Blackbook Editora,"Belo Horizonte, MG, Brazil",Mid Level Engineer,Web Development (Front-End),3  yrs,3  yrs,"R$69,000",69K | N/A | N/A
Turing,"Sao Paulo, SP, Brazil",L3,Distributed Systems (Back-End),10  yrs,1  yr,"R$546,479",546.5K | N/A | N/A
SAP,"Sao Leopoldo, RS, Brazil",T2,Full Stack,5  yrs,2  yrs,"R$160,000",139K | N/A | 21K
Loadsmart,"Florianopolis, SC, Brazil",L4,Full Stack,5-10  yrs,5-10  yrs,"R$681,507",540.6K | 140.9K | N/A
Anonymous,"Rio de Janeiro, RJ, Brazil",N/A,N/A,2-4  yrs,2-4  yrs,"R$60,000",60K | N/A | N/A
Universidade de F...,"Fortaleza, CE, Brazil",Senior,Full Stack,8  yrs,2  yrs,"R$113,016",113K | N/A | N/A
Olist,"Curitiba, PR, Brazil",Senior,ML / AI,5  yrs,0  yrs,"R$240,000",240K | N/A | N/A
Viasoft,"Curitiba, PR, Brazil",L1,Full Stack,2  yrs,2  yrs,"R$30,000",30K | N/A | N/A
Fusion Dms,"Recife, PE, Brazil",L1,Full Stack,15  yrs,6  yrs,"R$108,000",108K | N/A | N/A
Before IT,"Campo Grande, MS, Brazil",L1,API Development (Back-End),3  yrs,3  yrs,"R$67,600",51.6K | N/A | 16K
IBM,"Sao Paulo, SP, Brazil",Senior Engineer,API Development (Back-End),18  yrs,0  yrs,"R$200,000",200K | N/A | N/A
Mercado Libre,"Sao Paulo, SP, Brazil",Senior,Web Development (Front-End),11  yrs,3  yrs,"R$272,254",228.5K | N/A | 43.8K
Loft,"Sao Paulo, SP, Brazil",L4,API Development (Back-End),12  yrs,1  yr,"R$300,000",300K | N/A | N/A
Brilliant Machine,"Rio de Janeiro, RJ, Brazil",L3,Web Development (Front-End),1  yr,1  yr,"R$54,000",54K | N/A | N/A
Mercado Libre,"Sao Paulo, SP, Brazil",Senior,Full Stack,13  yrs,2  yrs,"R$226,135",210K | N/A | 16.1K
SAP,"Sao Leopoldo, RS, Brazil",T2,Full Stack,3  yrs,0  yrs,"R$141,600",141.6K | N/A | N/A
SAP,"Sao Leopoldo, RS, Brazil",T2,Full Stack,6  yrs,2  yrs,"R$202,800",148.8K | 30K | 24K
Anonymous,"Rio de Janeiro, RJ, Brazil",N/A,N/A,2-4  yrs,2-4  yrs,"R$100,000",100K | N/A | N/A
Mercado Libre,"Sao Paulo, SP, Brazil",Senior,Distributed Systems (Back-End),13  yrs,1  yr,"R$229,280",213.3K | N/A | 16K
Mercado Libre,"Sao Paulo, SP, Brazil",L2,-,14  yrs,2  yrs,"R$190,440",175.4K | N/A | 15K
Mercado Libre,"Sao Paulo, SP, Brazil",Developer,Web Development (Front-End),2  yrs,1  yr,"R$111,327",100.5K | N/A | 10.8K
Mercado Libre,"Sao Paulo, SP, Brazil",L3,Web Development (Front-End),11  yrs,4  yrs,"R$253,000",213K | N/A | 40K
Hypery,"Sao Paulo, SP, Brazil",Senior,Blockchain,9  yrs,2  yrs,"R$204,000",204K | N/A | N/A
Zig pay,"Sao Paulo, SP, Brazil",Senior,iOS,8  yrs,1  yr,"R$162,500",162.5K | N/A | N/A
Taller Technologies,"Sao Paulo, SP, Brazil",-,Distributed Systems (Back-End),20  yrs,3  yrs,"R$427,374",427.4K | N/A | N/A
BTG Pactual,"Belo Horizonte, MG, Brazil",Junior,API Development (Back-End),2  yrs,1  yr,"R$109,000",84K | N/A | 25K
Code Script,"Passo Fundo, RS, Brazil",L3,Mobile (iOS + Android),3  yrs,1  yr,"R$50,000",48K | N/A | 2K
Red Ventures,"Sao Paulo, SP, Brazil",Senior Software Engineer,API Development (Back-End),4  yrs,3  yrs,"R$195,000",180K | N/A | 15K
Bosch Global,"Sao Paulo, SP, Brazil",EG13,Full Stack,6  yrs,2  yrs,"R$90,000",84K | N/A | 6K
Anonymous,"Sao Paulo, SP, Brazil",N/A,N/A,11+  yrs,11+  yrs,"R$523,944",523.9K | N/A | N/A
Anonymous,"Recife, PE, Brazil",-,N/A,3  yrs,3  yrs,"R$39,942",39.9K | N/A | N/A
Hospital Israelit...,"Goiania, GO, Brazil",L3,Web Development (Front-End),7  yrs,1  yr,"R$100,000",100K | N/A | N/A
Hinge Health,"Porto Alegre, RS, Brazil",Senior,Full Stack,5  yrs,1  yr,"R$305,000",305K | N/A | N/A
VIK,"Belo Horizonte, MG, Brazil",-,Web Development (Front-End),20  yrs,2  yrs,"R$18,000",18K | N/A | N/A
Santander Bank,"Sao Paulo, SP, Brazil",N8,Full Stack,5  yrs,1  yr,"R$150,000",124K | N/A | 26K
Hotmart,"Belo Horizonte, MG, Brazil",N/A,N/A,5-10  yrs,5-10  yrs,"R$182,000",156K | 26K | N/A
GFT Group,"Sao Paulo, SP, Brazil",N/A,N/A,2-4  yrs,2-4  yrs,"R$19,200",19.2K | N/A | N/A
PicPay,"Rio de Janeiro, RJ, Brazil",L2,API Development (Back-End),3  yrs,1  yr,"R$96,000",96K | N/A | N/A
ArcTouch,"Florianopolis, SC, Brazil",Mid Level,Full Stack,5  yrs,1  yr,"R$120,000",108K | N/A | 12K
IDwall,"Sao Paulo, SP, Brazil",L2,Data,7  yrs,1  yr,"R$120,000",120K | N/A | N/A
Uber,"Sao Paulo, SP, Brazil",Software Engineer II,Mobile (iOS + Android),7  yrs,1  yr,"R$327,865",288K | 39.9K | N/A
Anonymous,"Sao Paulo, SP, Brazil",-,N/A,12  yrs,9  yrs,"R$340,000",270K | N/A | 70K
Unico,"Sao Paulo, SP, Brazil",IC5,Distributed Systems (Back-End),8  yrs,2  yrs,"R$322,000",310K | 12K | N/A
Anonymous,"Sao Paulo, SP, Brazil",N/A,N/A,0-1  yrs,0-1  yrs,"R$123,600",114K | N/A | 9.6K
